rv_frequency,zurich_lemma,zurich_lemmatype,gra_lemma_rank,gra_lemma_id,revised (y/n)
4718,tvám,Pronomen,,lemma_tva_3983,y
4147,ahám,Pronomen,,lemma_aham_1404,y
4020,yá-,Pronomen,,lemma_ya_6983,y
3346,sá- ~ tá-,Pronomen,1,lemma_sa_9064,y
3346,sá- ~ tá-,Pronomen,2,lemma_ta_3606,y
2843,ā́,Invariabile,,lemma_A_1444,y
2435,índra-,Nominalstamm,,lemma_indra_1708,y
2213,ayám,Pronomen,,lemma_idam_1696,y
2103,ná,Invariabile,,lemma_na_4792,y
1724,agní-,Nominalstamm,,lemma_agni_79,y
1646,devá-,Nominalstamm,,lemma_deva_4419,y
1366,√as- 1,Wurzel,,lemma_as_1305,y
1218,prá,Invariabile,,lemma_pra_5833.1,y
1192,√kr̥-,Wurzel,,lemma_kf_2645,y
1120,víśva-,Nominalstamm,,lemma_viSva_8151,y
1096,ca,Invariabile,,lemma_ca_3184,y
1047,√dhā- 1,Wurzel,,lemma_DA_4664,y
1024,iva,Invariabile,,lemma_iva_1775,y
1008,dyú- ~ div-,Nominalstamm,1,lemma_div_4231,y
1008,dyú- ~ div-,Nominalstamm,2,lemma_dyu_4513,y
977,sóma-,Nominalstamm,,lemma_soma_10160,y
954,ví,Invariabile,,lemma_vi_7952,y
854,√bhū-,Wurzel,,lemma_BU_6403,y
809,ít,Invariabile,,lemma_id_1695,y
754,abhí,Invariabile,,lemma_aBi_765,y
752,utá,Invariabile,,lemma_uta_1879,y
747,√i- 1,Wurzel,,lemma_i_1675,y
697,u,Invariabile,,lemma_u_1841,y
691,cit,Invariabile,,lemma_cid_3315,y
662,hí,Invariabile,,lemma_hi_10645,y
631,√gam-,Wurzel,,lemma_gam_2902,y
609,sám,Invariabile,,lemma_sam_9359,y
591,√pū-,Wurzel,,lemma_pU_5681,y
589,√su-,Wurzel,,lemma_su_9701,y
581,√janⁱ-,Wurzel,,lemma_jan_3389,y
570,√yā- 1,Wurzel,,lemma_yu_7124,y
549,áp-,Nominalstamm,,lemma_ap_616,y
543,gáv- ~ gó-,Nominalstamm,,lemma_go_3032,y
535,rayí- ~ rāy-,Nominalstamm,,lemma_rayi_7325,y
528,máh-,Nominalstamm,,lemma_mah_6708,y
519,√bhr̥-,Wurzel,,lemma_Bf_6437,y
508,pári,Invariabile,,lemma_pari_5285,y
508,úpa,Invariabile,,lemma_upa_1933,y
482,ní,Invariabile,,lemma_ni_4938.1,y
477,ánu,Invariabile,,lemma_anu_510,y
476,vásu-,Nominalstamm,,lemma_vasu_7798,y
471,rátha-,Nominalstamm,,lemma_raTa_7258,y
469,ká-,Pronomen,,lemma_ka_2373,y
458,vŕ̥ṣan-,Nominalstamm,,lemma_vfzan_8408,y
457,yajñá-,Nominalstamm,,lemma_yajYa_7002,y
452,nár-,Nominalstamm,1,lemma_nar_4860,y
452,nár-,Nominalstamm,2,lemma_nf_5085,y
444,aśvín-,Nominalstamm,,lemma_aSvin_1288,y
426,√hū-,Wurzel,,lemma_hU_10718,y
413,mā́,Invariabile,,lemma_mA_6758,y
411,√han-,Wurzel,,lemma_han_10541,y
409,marút-,Nominalstamm,,lemma_marut_6679,y
402,√sthā-,Wurzel,,lemma_sTA_10268,y
401,√pā- 2,Wurzel,,lemma_pA_5405,y
396,váruṇa-,Nominalstamm,,lemma_varuRa_7721,y
390,√vid- 2,Wurzel,,lemma_vid_7999,y
381,sū́rya-,Nominalstamm,,lemma_sUrya_10120,y
381,√vah-,Wurzel,,lemma_vah_7833,y
376,vā́ja-,Nominalstamm,,lemma_vAja_7851,y
370,maghávan-,Nominalstamm,,lemma_maGavan_6504,y
369,√dā- 1,Wurzel,,lemma_dA_4164,y
367,√vr̥dh-,Wurzel,,lemma_vfD_8385,y
367,√śru-,Wurzel,,lemma_Sru_8985,y
360,r̥tá-,Nominalstamm,,lemma_fta_2184,y
359,uṣás-,Nominalstamm,,lemma_uzas_2081,y
350,ūtí-,Nominalstamm,,lemma_Uti_2096,y
346,br̥hánt-,Nominalstamm,,lemma_bfhat_6230,y
343,gír- ~ gīr-,Nominalstamm,,lemma_gir_2975,y
341,eṣá,Pronomen,,lemma_etad_2295,y
338,nú,Invariabile,,lemma_nu_5078,y
336,√sad-,Wurzel,,lemma_sad_9208,y
328,mitrá-,Nominalstamm,,lemma_mitra_6824,y
327,jána-,Nominalstamm,,lemma_jana_3390,y
327,índu-,Nominalstamm,,lemma_indu_1707,y
320,pr̥thivī́-,Nominalstamm,,lemma_pfTivI_5760,y
318,vā,Invariabile,,lemma_vA_7845,y
311,ádhi,Invariabile,,lemma_aDi_354,y
310,√yam-,Wurzel,,lemma_yam_7053,y
307,pitár-,Nominalstamm,,lemma_pitf_5481,y
304,√avⁱ-,Wurzel,,lemma_av_1101,y
294,út,Invariabile,,lemma_ud_1892 ,y
291,√yaj-,Wurzel,,lemma_yaj_6994,y
289,ihá,Invariabile,,lemma_iha_1818,y
286,hótar-,Nominalstamm,,lemma_hotf_10749,y
283,máda-,Nominalstamm,,lemma_mada_6534,y
279,páti-,Nominalstamm,,lemma_pati_5198,y
276,ávas-,Nominalstamm,,lemma_avas_1135,y
272,dhī́-,Nominalstamm,,lemma_DI_4710,y
271,hári-,Nominalstamm,,lemma_hari_10555,y
271,sákhi-,Nominalstamm,,lemma_saKi_9112,y
267,sú,Invariabile,,lemma_su_9702,y
265,√stu-,Wurzel,,lemma_stu_10237,y
265,√pā- 1,Wurzel,,lemma_pA_5404,y
262,bráhman-,Nominalstamm,,lemma_brahman_6268,y
254,mádhu-,Nominalstamm,,lemma_maDu_6550,y
254,práti,Invariabile,,lemma_prati_5868,y
247,rā́jan-,Nominalstamm,,lemma_rAjan_7364,y
246,vípra-,Nominalstamm,,lemma_vipra_8058,y
245,yáthā,Invariabile,,lemma_yaTA_7040,y
244,ródasī-,Nominalstamm,,lemma_rodasI_7497,y
242,√gr̥̄- 1,Wurzel,,lemma_gir_2973,y
241,kaví-,Nominalstamm,,lemma_kavi_2489,y
240,íṣ-,Nominalstamm,,lemma_iz_1778,y
239,mánas-,Nominalstamm,,lemma_manas_6592,y
238,áśva-,Nominalstamm,,lemma_aSva_1254,y
238,√mad-,Wurzel,,lemma_mad_6533,y
236,ápa,Invariabile,,lemma_apa_617,y
233,√juṣ-,Wurzel,,lemma_juz_3541,y
233,√cit-,Wurzel,,lemma_cit_3290,y
230,éka-,Nominalstamm,,lemma_eka_2274,y
225,√naś- 1,Wurzel,,lemma_naS_4888,y
222,√sr̥j-,Wurzel,,lemma_sfj_10132,y
221,anyá-,Nominalstamm,,lemma_anya_601,y
217,adyá,Invariabile,,lemma_adya_315,y
215,√carⁱ-,Wurzel,,lemma_car_3243,y
214,priyá-,Nominalstamm,,lemma_priya_6073,y
212,syá- ~ tyá-,Pronomen,1,lemma_sya_10331,y
212,syá- ~ tyá-,Pronomen,2,lemma_tya_3907,y
211,√vid- 1,Wurzel,,lemma_vid_7998,y
211,√yuj-,Wurzel,,lemma_yuj_7133,y
210,amŕ̥ta-,Nominalstamm,,lemma_amfta_906,y
210,stóma-,Nominalstamm,,lemma_stoma_10256,y
208,tanū́-,Nominalstamm,,lemma_tanU_3644,y
208,īm,Invariabile,,lemma_Im_1829,y
206,mahā́nt-,Nominalstamm,,lemma_mahat_6710,y
205,áva,Invariabile,,lemma_ava_1101.2,y
204,síndhu-,Nominalstamm,,lemma_sinDu_9680,y
201,√vac-,Wurzel,,lemma_vac_7568,y
201,adhvará-,Nominalstamm,,lemma_aDvara_384,y
201,mātár-,Nominalstamm,,lemma_mAtf_6775,y
200,svastí-,Nominalstamm,,lemma_svasti_10485,y
200,víś-,Nominalstamm,,lemma_viS_8140,y
196,ádha,Invariabile,,lemma_aDa_344,y
193,purú-,Nominalstamm,,lemma_puru_5568,y
191,ugrá-,Nominalstamm,,lemma_ugra_1865,y
189,√tr̥̄- 1,Wurzel,,lemma_tar_3685,y
188,áti,Invariabile,,lemma_ati_228,y
188,√vr̥t-,Wurzel,,lemma_vft_8361,y
187,vr̥trá-,Nominalstamm,,lemma_vftra_8365,y
185,mártya-,Nominalstamm,,lemma_martya_6691,y
185,vr̥ṣabhá-,Nominalstamm,,lemma_vfzaBa_8419,y
185,√idh- 1,Wurzel,,lemma_iD_1701,y
184,ha,Invariabile,,lemma_ha_10533,y
184,savitár-,Nominalstamm,,lemma_savitf_9484,y
184,vājín-,Nominalstamm,,lemma_vAjin_7877,y
182,bhúvana-,Nominalstamm,,lemma_Buvana_6401,y
182,námas-,Nominalstamm,,lemma_namas_4845,y
182,√vanⁱ-,Wurzel,,lemma_van_7614,y
181,krátu-,Nominalstamm,,lemma_kratu_2729,y
178,√vr̥-,Wurzel,,lemma_vf_8335,y
177,ácha,Invariabile,,lemma_aCa_160,y
177,śávas-,Nominalstamm,,lemma_Savas_8710,y
175,evá,Invariabile,,lemma_eva_2315,y
175,śū́ra-,Nominalstamm,,lemma_SUra_8890,y
174,áditi-,Nominalstamm,,lemma_aditi_287,y
173,prathamá-,Nominalstamm,,lemma_praTama_5905,y
173,√r̥- 1,Wurzel,,lemma_ar_954,y
169,ójas-,Nominalstamm,,lemma_ojas_2340,y
168,havís-,Nominalstamm,,lemma_havis_10609,y
167,√nī-,Wurzel,,lemma_nI_5054,y
166,sáhas-,Nominalstamm,,lemma_sahas_9525,y
164,urú-,Nominalstamm,,lemma_uru_2025,y
162,devī́-,Nominalstamm,,lemma_devI_4486,y
162,√hi-,Wurzel,,lemma_hi_10644,y
161,trí-,Nominalstamm,,lemma_tri_3925,y
161,śám,Invariabile,,lemma_Sam_8660,y
160,√ji- 1,Wurzel,,lemma_ji_3500,y
160,√sac- 1,Wurzel,,lemma_sac_9133,y
157,sakhyá-,Nominalstamm,,lemma_saKya_9117,y
155,dāśváṃs-,Nominalstamm,,lemma_dASvas_4207,y
154,antár,Invariabile,,lemma_antar_572,y
154,átha,Invariabile,,lemma_aTa_261,y
153,pánthā- ~ path-,Nominalstamm,,lemma_paTi_5219,y
153,√vaś-,Wurzel,,lemma_vaS_7772,y
152,√yā- 2,Wurzel,,lemma_i_1675,y
148,bhadrá-,Nominalstamm,,lemma_Badra_6296,y
148,jyótis-,Nominalstamm,,lemma_jyotis_3598,y
148,√duh-,Wurzel,,lemma_duh_4377,y
148,√īś-,Wurzel,,lemma_IS_1836 ,y
147,citrá-,Nominalstamm,,lemma_citra_3294,y
147,√vr̥- ~ vr̥̄-,Wurzel,,lemma_vf_8336,y
146,rā́dhas-,Nominalstamm,,lemma_rADas_7382,y
145,śrávas-,Nominalstamm,,lemma_Sravas_8967,y
144,rájas-,Nominalstamm,,lemma_rajas_7235,y
143,matí-,Nominalstamm,,lemma_mati_6519,y
142,barhís-,Nominalstamm,,lemma_barhis_6165,y
142,áhar ~ áhan-,Nominalstamm,,lemma_ahan_1401,y
142,√paś-,Wurzel,,lemma_paS_5378,y
142,√r̥c-,Wurzel,,lemma_arc_1033,y
141,samudrá-,Nominalstamm,,lemma_samudra_9399,y
141,ādityá-,Nominalstamm,,lemma_Aditya_1508,y
139,márta-,Nominalstamm,,lemma_marta_6689,y
138,vájra-,Nominalstamm,,lemma_vajra_7579,y
138,satyá-,Nominalstamm,,lemma_satya_9173,y
137,vāyú-,Nominalstamm,,lemma_vAyu_7917,y
137,√sanⁱ-,Wurzel,,lemma_san_9251,y
137,√tan-,Wurzel,,lemma_tan_3635,y
136,ubhá-,Pronomen,,lemma_uBa_2010,y
136,vīrá-,Nominalstamm,,lemma_vIra_8312,y
135,rudrá-,Nominalstamm,,lemma_rudra_7439,y
135,√gā-,Wurzel,,lemma_gA_2947,y
135,√vadⁱ-,Wurzel,,lemma_vad_7595,y
134,sahásra-,Nominalstamm,,lemma_sahasra_9533,y
134,√brū-,Wurzel,,lemma_brU_6279,y
133,√man- 1,Wurzel,,lemma_man_6585,y
132,svá-,Pronomen,,lemma_sva_10367,y
132,ukthá-,Nominalstamm,,lemma_ukTa_1845,y
131,vratá-,Nominalstamm,,lemma_vrata_8535,y
131,vā́c-,Nominalstamm,,lemma_vAc_7848,y
131,√arṣ-,Wurzel,,lemma_arz_1090,y
131,saptá-,Nominalstamm,,lemma_saptan_9325,y
130,ádri-,Nominalstamm,,lemma_adri_320,y
130,śárman-,Nominalstamm,,lemma_Sarman_8697,y
129,jātávedas-,Nominalstamm,,lemma_jAtavedas_3474,y
128,bhága-,Nominalstamm,,lemma_BAga_6344,y
128,mahimán-,Nominalstamm,,lemma_mahiman_6744,y
127,śatá-,Nominalstamm,,lemma_Sata_8591,y
126,√dhr̥-,Wurzel,,lemma_Df_4738,y
125,havyá-,Nominalstamm,,lemma_havya_10611,y
125,háva-,Nominalstamm,,lemma_hava_10592,y
125,√dr̥ś-,Wurzel,,lemma_dfS_4406,y
124,yátra,Invariabile,,lemma_yatra_7039,y
124,yóni-,Nominalstamm,,lemma_yoni_7193,y
123,bŕ̥haspáti-,Nominalstamm,,lemma_bfhaspati_6247,y
123,ghr̥tá-,Nominalstamm,,lemma_Gfta_3145,y
123,jaritár-,Nominalstamm,,lemma_jaritf_3445,y
122,dhenú-,Nominalstamm,,lemma_Denu_4752,y
122,putrá-,Nominalstamm,,lemma_putra_5533,y
122,párvata-,Nominalstamm,,lemma_parvata_5348,y
121,svàr-,Nominalstamm,,lemma_svar_10435,y
121,pūṣán-,Nominalstamm,,lemma_pUzan_5727,y
120,átra,Invariabile,,lemma_atra_255,y
119,sádā,Invariabile,,lemma_sadA_9216,y
118,śúci-,Nominalstamm,,lemma_Suci_8833,y
118,√hu-,Wurzel,,lemma_hu_10713,y
117,nā́man-,Nominalstamm,,lemma_nAman_4923,y
117,pū́rva-,Nominalstamm,,lemma_pUrva_5702,y
117,vr̥trahán-,Nominalstamm,,lemma_vftrahan_8373,y
117,áryaman-,Nominalstamm,,lemma_aryaman_1075,y
117,√mr̥j-,Wurzel,,lemma_mfj_6920,y
116,mā́nuṣa-,Nominalstamm,,lemma_mAnuza_6790,y
114,sūrí-,Nominalstamm,,lemma_sUri_10116,y
113,nís,Invariabile,,lemma_nis_5049,y
113,támas-,Nominalstamm,,lemma_tamas_3678,y
113,śukrá-,Nominalstamm,,lemma_Sukra_8818,y
112,vidátha-,Nominalstamm,,lemma_vidaTa_8003,y
112,ā́t,Invariabile,,lemma_At_1487,y
112,√añj-,Wurzel,,lemma_aYj_208,y
111,ŕ̥ṣi-,Nominalstamm,,lemma_fzi_2253,y
110,dhána-,Nominalstamm,,lemma_Dana_4627,y
109,sumatí-,Nominalstamm,,lemma_sumati_9893,y
108,sma,Invariabile,,lemma_sma_10318,y
108,√rā- 1,Wurzel,,lemma_rA_7355,y
108,√śaṃs-,Wurzel,,lemma_SaMs_8557,y
107,padá-,Nominalstamm,,lemma_pada_5227,y
107,sūnú-,Nominalstamm,,lemma_sUnu_10096,y
107,vána-,Nominalstamm,,lemma_vana_7616,y
107,√pr̥-,Wurzel,,lemma_par_5261,y
106,√i- 2,Wurzel,,lemma_inv_1753,y
106,√śak-,Wurzel,,lemma_Sak_8560,y
106,nūnám,Invariabile,,lemma_nUnam_5084,y
105,stotár-,Nominalstamm,,lemma_stotf_10254,y
105,yajñíya-,Nominalstamm,,lemma_yajYiya_7023,y
105,√bhaj-,Wurzel,,lemma_Baj_6293,y
105,√vī- 1,Wurzel,,lemma_vI_8287,y
104,dhā́rā- 1,Nominalstamm,,lemma_DArA_4688,y
104,gómant-,Nominalstamm,,lemma_gomat_3069,y
104,√viś-,Wurzel,,lemma_viS_8139,y
103,arí-,Nominalstamm,,lemma_ari_993,y
103,sávana- 1,Nominalstamm,,lemma_savana_9480,y
103,√rakṣⁱ-,Wurzel,,lemma_rakz_7207,y
102,ena-,Pronomen,,lemma_ena_2308,y
101,bhū́ri-,Nominalstamm,,lemma_BUri_6412,y
101,nā́satya-,Nominalstamm,,lemma_nAsatya_4935,y
101,pavítra-,Nominalstamm,,lemma_pavitra_5369,y
100,arká-,Nominalstamm,,lemma_arka_1028,y
100,divyá-,Nominalstamm,,lemma_divya_4249,y
100,páyas-,Nominalstamm,,lemma_payas_5254,y
100,vácas-,Nominalstamm,,lemma_vacas_7571,y
99,ándhas- 2,Nominalstamm,,lemma_anDas_595,y
98,víṣṇu-,Nominalstamm,,lemma_vizRu_8260,y
97,dhā́man-,Nominalstamm,,lemma_DAman_4677,y
97,gárbha-,Nominalstamm,,lemma_garBa_2922,y
97,√ruc-,Wurzel,,lemma_ruc_7432,y
96,√īḍ- ~ √īḷ-,Wurzel,,lemma_Iq_1824,y
96,antárikṣa-,Nominalstamm,,lemma_antarikza_576,y
96,arvā́ñc-,Nominalstamm,,lemma_arvAc_1085,y
96,vā́ta-,Nominalstamm,,lemma_vAta_7890,y
96,√nu- ~ nū-,Wurzel,,lemma_nu_5076,y
95,caná,Invariabile,,lemma_cana_3222,y
95,púnar,Invariabile,,lemma_punar_5539,y
95,pītí-,Nominalstamm,,lemma_pIti_5516,y
95,ā́yus-,Nominalstamm,,lemma_Ayus_1582,y
95,√dī- 1,Wurzel,,lemma_dI_4255,y
95,√pr̥̄- 1,Wurzel,,lemma_par_5260,y
94,√sah-,Wurzel,,lemma_sah_9505,y
94,dūtá-,Nominalstamm,,lemma_dUta_4385,y
94,√krand-,Wurzel,,lemma_krand_2736,y
94,√pat- 1,Wurzel,,lemma_pat_5186,y
93,dákṣa-,Nominalstamm,,lemma_dakza_4041,y
93,indrāgní-,Nominalstamm,,lemma_indrAgni_1735,y
93,r̥bhú-,Nominalstamm,,lemma_fBu_2241,y
93,sajóṣas-,Nominalstamm,,lemma_sajozas_9156,y
92,mitrā́váruṇa-,Nominalstamm,,lemma_mitrAvaruRa_6834,y
92,pūrvyá-,Nominalstamm,,lemma_pUrvya_5721,y
92,suvī́ra-,Nominalstamm,,lemma_suvIra_9975,y
90,váyas- 2,Nominalstamm,,lemma_vayas_7677,y
90,ápi,Invariabile,,lemma_api_669,y
90,áṃhas-,Nominalstamm,,lemma_aMhas_14,y
90,óṣadhī-,Nominalstamm,,lemma_ozaDi_2360,y
89,√mā- 1,Wurzel,,lemma_mA_6755,y
89,√vas- 2,Wurzel,,lemma_vas_7783,y
87,√budh-,Wurzel,,lemma_buD_6217,y
87,√muc-,Wurzel,,lemma_muc_6870,y
86,√cakṣ-,Wurzel,,lemma_cakz_3190,y
86,√īr-,Wurzel,,lemma_Ir_1831,y
85,sácā,Invariabile,,lemma_sacA_9143,y
85,√sic-,Wurzel,,lemma_sic_9672,y
85,√vas- 1,Wurzel,,lemma_vas_7782,y
85,mádhumant-,Nominalstamm,,lemma_maDumat_6564,y
84,vajrín-,Nominalstamm,,lemma_vajrin_7585,y
84,śrī́-,Nominalstamm,,lemma_SrI_8983,y
84,dyā́vāpr̥thivī́-,Nominalstamm,,lemma_dyAvApfTivI_4511,y
83,púr-,Nominalstamm,,lemma_pur_5549,y
83,yúvan-,Nominalstamm,,lemma_yuvan_7156,y
83,íti,Invariabile,,lemma_iti_1687,y
83,āyú-,Nominalstamm,,lemma_Ayu_1579,y
83,śátru-,Nominalstamm,,lemma_Satru_8639,y
83,√pī- 1,Wurzel,,lemma_pi_5468,y
82,√yu- 2,Wurzel,,lemma_yu_7125,y
82,ketú-,Nominalstamm,,lemma_ketu_2708,y
82,árvant-,Nominalstamm,,lemma_arvat_1079,y
82,√mand-,Wurzel,,lemma_mand_6636,y
81,dáśa-,Nominalstamm,,lemma_daSan_4127,y
81,√gr̥bhⁱ-,Wurzel,,lemma_graB_3103,y
80,puruhūtá-,Nominalstamm,,lemma_puruhUta_5640,y
80,sumná-,Nominalstamm,,lemma_sumna_9918,y
80,√bādhⁱ-,Wurzel,,lemma_bAD_6193,y
80,√śri-,Wurzel,,lemma_Sri_8979,y
80,√śuc-,Wurzel,,lemma_Suc_8828,y
79,daívya-,Nominalstamm,,lemma_dEvya_4499,y
79,suvī́rya-,Nominalstamm,,lemma_suvIrya_9976,y
78,párā,Invariabile,,lemma_parA_5273,y
78,ŕ̥tāvan-,Nominalstamm,,lemma_ftAvan_2214,y
78,sadyás,Invariabile,,lemma_sadyas_9230,y
78,āśú-,Nominalstamm,,lemma_ASu_1633,y
78,√takṣ-,Wurzel,,lemma_takz_3616,y
78,√vidh-,Wurzel,,lemma_viD_8028,y
77,tmán-,Nominalstamm,,lemma_tman_3905,y
77,vīryà-,Nominalstamm,,lemma_vIrya_8333,y
77,√mr̥ḍ-,Wurzel,,lemma_mfq_6921,y
77,rātí-,Nominalstamm,,lemma_rAti_7374,y
76,samāná-,Nominalstamm,,lemma_samAna_9385,y
76,ví-,Nominalstamm,,lemma_vi_7952,y
76,yádi,Invariabile,,lemma_yadi_7048,y
76,√iṣ- 2,Wurzel,,lemma_iz_1777,y
75,cā́ru-,Nominalstamm,,lemma_cAru_3277,y
75,gha,Invariabile,,lemma_Ga_3125,y
75,hā́rdi ~ hr̥d-,Nominalstamm,1,lemma_hfd_10725,y
75,hā́rdi ~ hr̥d-,Nominalstamm,2,lemma_hArdi_10642,y
75,kā́ma-,Nominalstamm,,lemma_kAma_2520,y
75,nápat-,Nominalstamm,,lemma_naptf_4827,y
75,sárasvant-,Nominalstamm,,lemma_sarasvat_9445,y
75,√ruh-,Wurzel,,lemma_ruh_7465,y
74,ajára-,Nominalstamm,,lemma_ajara_178,y
74,paramá-,Nominalstamm,,lemma_parama_5264,y
74,ūrdhvá-,Nominalstamm,,lemma_UrDva_2118,y
74,ūrmí-,Nominalstamm,,lemma_Urmi_2126,y
74,√bhā-,Wurzel,,lemma_BA_6342,y
73,dhītí-,Nominalstamm,,lemma_DIti_4714,y
73,mánu-,Nominalstamm,,lemma_manu_6607,y
73,sudā́nu-,Nominalstamm,,lemma_sudAnu_9789,y
73,áhi-,Nominalstamm,1,lemma_ahi_1412,y
73,áhi-,Nominalstamm,2,lemma_ahI_1427,y
73,ū́rj-,Nominalstamm,,lemma_Urj_2102,y
72,raśmí-,Nominalstamm,,lemma_raSmi_7344,y
72,√ah-,Wurzel,,lemma_ah_1397,y
72,√iṣ- 1,Wurzel,,lemma_iz_1776,y
72,√pinv-,Wurzel,,lemma_pinv_5491,y
71,mánman-,Nominalstamm,,lemma_manman_6653,y
71,sā́nu- ~ snú-,Nominalstamm,1,lemma_sAnu_9632,y
71,sā́nu- ~ snú-,Nominalstamm,2,lemma_snu_10292,y
71,ágra-,Nominalstamm,,lemma_agra_101,y
71,ámartya-,Nominalstamm,,lemma_amartya_868,y
71,ásura-,Nominalstamm,,lemma_asura_1345,y
71,√jñā-,Wurzel,,lemma_jYA_3571,y
71,√mī- 1,Wurzel,,lemma_mI_6861,y
70,kṣáya-,Nominalstamm,,lemma_kzaya_2787,y
70,prajā́-,Nominalstamm,,lemma_prajA_5853,y
70,svadhā́-,Nominalstamm,,lemma_svaDA_10384,y
70,√bhid-,Wurzel,,lemma_Bid_6370,y
70,√dr̥h-,Wurzel,,lemma_dfh_4417,y
70,√gr̥-,Wurzel,,lemma_gar_2913,y
69,dyumná-,Nominalstamm,,lemma_dyumna_4522,y
69,gr̥há-,Nominalstamm,,lemma_gfha_3023,y
69,itthā́,Invariabile,,lemma_itTA_1690,y
69,rátna-,Nominalstamm,,lemma_ratna_7252,y
69,sātí-,Nominalstamm,,lemma_sAti_9613,y
69,vā́rya-,Nominalstamm,,lemma_vArya_7930,y
69,áṅgiras-,Nominalstamm,,lemma_aNgiras_137,y
69,śatákratu-,Nominalstamm,,lemma_Satakratu_8592,y
69,śáśvant-,Nominalstamm,,lemma_SaSvat_8720,y
69,śúṣma-,Nominalstamm,,lemma_Suzma_8882,y
69,√jīv-,Wurzel,,lemma_jIv_3526,y
69,√vr̥j- 1,Wurzel,,lemma_vfj_8351,y
68,rathī́-,Nominalstamm,,lemma_raTI_7281,y
68,sukrátu-,Nominalstamm,,lemma_sukratu_9714,y
68,sárva-,Nominalstamm,,lemma_sarva_9462,y
68,tánaya-,Nominalstamm,,lemma_tanaya_3639,y
68,átya-,Nominalstamm,,lemma_atya_251,y
67,duhitár-,Nominalstamm,,lemma_duhitf_4378,y
67,dásyu-,Nominalstamm,,lemma_dasyu_4157,y
67,hiraṇyáya-,Nominalstamm,,lemma_hiraRyaya_10684,y
67,marútvant-,Nominalstamm,,lemma_marutvat_6681,y
67,trís,Invariabile,,lemma_tris_3967,y
67,√rāj-,Wurzel,1,lemma_rAj_7358,y
67,√rāj-,Wurzel,2,lemma_rAj_7359,y
66,kṣám-,Nominalstamm,,lemma_kzam_2785,y
66,nadī́-,Nominalstamm,,lemma_nadI_4818,y
66,pāvaká-,Nominalstamm,,lemma_pAvaka_5454,y
66,pā́rthiva-,Nominalstamm,,lemma_pArTiva_5447,y
66,vedhás-,Nominalstamm,,lemma_veDas_8468,y
66,váhni-,Nominalstamm,,lemma_vahni_7838,y
66,√dāś-,Wurzel,,lemma_dAS_4202,y
65,bāhú-,Nominalstamm,,lemma_bAhu_6200,y
65,manyú-,Nominalstamm,,lemma_manyu_6657,y
65,manīṣā́-,Nominalstamm,,lemma_manIzA_6604,y
65,tváṣṭar-,Nominalstamm,,lemma_tvazwf_3992,y
65,viśvátas,Invariabile,,lemma_viSvatas_8165,y
65,vā́jasāti-,Nominalstamm,,lemma_vAjasAti_7875,y
65,√dhr̥ṣ-,Wurzel,,lemma_Dfz_4742,y
65,√kṣar-,Wurzel,,lemma_kzar_2789,y
65,√riṣ-,Wurzel,,lemma_riz_7416,y
65,√śā- ~ śī-,Wurzel,1,lemma_SA_8729l,y
65,√śā- ~ śī-,Wurzel,2,lemma_Si_8759,y
64,bhānú-,Nominalstamm,,lemma_BAnu_6348,y
64,parāvát-,Nominalstamm,,lemma_parAvat_5282,y
64,upástha-,Nominalstamm,,lemma_upasTa_1988,y
64,√kramⁱ-,Wurzel,,lemma_kram_2742,y
64,√ās-,Wurzel,,lemma_As_1647,y
63,gopā́-,Nominalstamm,1,lemma_gopA_3059,y
63,gopā́-,Nominalstamm,2,lemma_gopa_3054,y
63,māyā́-,Nominalstamm,,lemma_mAyA_6798,y
63,toká-,Nominalstamm,,lemma_toka_3897,y
63,úttara-,Nominalstamm,,lemma_uttara_1882,y
62,aruṣá-,Nominalstamm,,lemma_aruza_1023,y
62,purā́,Invariabile,,lemma_purA_5560,y
62,√prathⁱ-,Wurzel,,lemma_praT_5904,y
61,mandrá-,Nominalstamm,,lemma_mandra_6648,y
61,revánt-,Nominalstamm,,lemma_revat_7482,y
61,sahá,Invariabile,,lemma_saha_9508,y
61,subhága-,Nominalstamm,1,lemma_suBaga_9879,y
61,subhága-,Nominalstamm,2,lemma_suBAga_9884,y
61,vaiśvānará-,Nominalstamm,,lemma_vESvAnara_8503,y
61,vatsá-,Nominalstamm,,lemma_vatsa_7591,y
61,vr̥jána-,Nominalstamm,,lemma_vfjana_8352,y
61,átas,Invariabile,,lemma_atas_224,y
60,bhāgá-,Nominalstamm,,lemma_BAga_6344,y
60,duritá-,Nominalstamm,,lemma_durita_4303,y
60,yamá-,Nominalstamm,,lemma_yama_7054,y
60,śyená-,Nominalstamm,,lemma_Syena_8947,y
59,carṣaṇí-,Nominalstamm,,lemma_carzaRi_3263,y
59,havíṣmant-,Nominalstamm,,lemma_havizmat_10607,y
59,pratná-,Nominalstamm,,lemma_pratna_5898,y
59,rocaná-,Nominalstamm,,lemma_rocana_7491,y
59,suṣṭutí-,Nominalstamm,,lemma_suzwuti_10036,y
59,sádana-,Nominalstamm,,lemma_sAdana_9617,y
59,tirás,Invariabile,,lemma_tiras_3761,y
59,√sr̥- 1,Wurzel,,lemma_sf_10129,y
58,paśú-,Nominalstamm,,lemma_paSu_5383,y
58,tú,Invariabile,,lemma_tu_3774,y
58,yájatra-,Nominalstamm,,lemma_yajatra_6996,y
58,yúj-,Nominalstamm,,lemma_yuj_7134,y
57,√aś- 1,Wurzel,,lemma_aS_1210,y
57,bhára-,Nominalstamm,,lemma_Bara_6314,y
57,dyumánt-,Nominalstamm,,lemma_dyumat_4521,y
57,dákṣiṇa-,Nominalstamm,,lemma_dakziRa_4048,y
57,mánus-,Nominalstamm,,lemma_manus_6616,y
57,vr̥ṣṭí-,Nominalstamm,,lemma_vfzwi_8441,y
57,vāmá-,Nominalstamm,,lemma_vAma_7908,y
56,√cud-,Wurzel,,lemma_cud_3318,y
56,adhvaryú-,Nominalstamm,,lemma_aDvaryu_389,y
56,cakrá-,Nominalstamm,,lemma_cakra_3185,y
56,mahitvá-,Nominalstamm,,lemma_mahitva_6738,y
56,nákiḥ,Invariabile,,lemma_nakis_4796,y
56,nā́bhi-,Nominalstamm,,lemma_nABi_4920,y
56,sākám,Invariabile,,lemma_sAkam_9608,y
56,śúbh-,Nominalstamm,,lemma_SuB_8858,y
55,√praś-,Wurzel,,lemma_pfC_5738,y
55,dhárman-,Nominalstamm,,lemma_Darman_4659,y
55,dhī́ra-,Nominalstamm,,lemma_DIra_4715,y
55,nahí,Invariabile,,lemma_nahi_4898,y
55,prácetas-,Nominalstamm,,lemma_pracetas_5847,y
55,śácī-,Nominalstamm,,lemma_SacI_8584,y
55,√gā(y)-,Wurzel,,lemma_gA_2948,y
54,√puṣ-,Wurzel,,lemma_puz_5666,y
54,gúhā,Invariabile,,lemma_guhA_3001,y
54,kr̥ṣṭí-,Nominalstamm,,lemma_kfzwi_2687,y
54,káṇva-,Nominalstamm,,lemma_kaRva_2390,y
54,pŕ̥tanā-,Nominalstamm,,lemma_pftanA_5742,y
54,vā́ra- 1,Nominalstamm,,lemma_vAra_7923,y
53,śocís-,Nominalstamm,,lemma_Socis_8920,y
53,bhū́mi-,Nominalstamm,,lemma_BUmi_6408,y
53,dvíṣ-,Nominalstamm,,lemma_dviz_4618,y
53,svásar-,Nominalstamm,,lemma_svasf_10481,y
53,sómapīti-,Nominalstamm,,lemma_somapIti_10172,y
53,ukthyà-,Nominalstamm,,lemma_ukTya_1854,y
53,vásiṣṭha-,Nominalstamm,,lemma_vasizWa_7796,y
53,íḷā-,Nominalstamm,,lemma_iqA_1682,y
53,ājí-,Nominalstamm,,lemma_Aji_1477,y
53,√kṣi-,Wurzel,,lemma_kzi_2795,y
52,√yudh-,Wurzel,,lemma_yuD_7139,y
52,asaú,Pronomen,,lemma_adas_279,y
52,dhruvá-,Nominalstamm,,lemma_Druva_4772,y
52,hárivant-,Nominalstamm,,lemma_harivat_10573,y
52,purás,Invariabile,,lemma_puras_5556,y
52,somyá-,Nominalstamm,,lemma_somya_10191,y
52,sátpati-,Nominalstamm,,lemma_satpati_9172,y
52,sīm,Invariabile,,lemma_sIm_9697,y
51,√sū- 1,Wurzel,,lemma_sU_10079,y
51,aktú-,Nominalstamm,,lemma_aktu_35,y
51,brahmán-,Nominalstamm,,lemma_brahman_6269,y
51,dasrá-,Nominalstamm,,lemma_dasra_4162,y
51,dráviṇa-,Nominalstamm,,lemma_draviRa_4544,y
51,dáma-,Nominalstamm,,lemma_dama_4091,y
51,hásta-,Nominalstamm,,lemma_hasta_10626,y
51,suvitá-,Nominalstamm,,lemma_suvita_9968,y
51,yā́man-,Nominalstamm,,lemma_yAman_7114,y
51,śivá-,Nominalstamm,,lemma_Siva_8793,y
51,√ji- 2 ~ jinv-,Wurzel,1,lemma_jinv_3510,y
51,√ji- 2 ~ jinv-,Wurzel,2,lemma_ji_3501,y
51,√yat-,Wurzel,,lemma_yat_7027,y
50,√śī-,Wurzel,,lemma_SI_8805,y
50,kaláśa-,Nominalstamm,,lemma_kalaSa_2474,y
50,kuvít,Invariabile,,lemma_kuvid_2625,y
50,paṇí-,Nominalstamm,,lemma_paRi_5185,y
50,r̥ṣvá-,Nominalstamm,,lemma_fzva_2269,y
50,áha,Invariabile,,lemma_aha_1398,y
50,ū́dhar-,Nominalstamm,,lemma_UDar_2097,y
50,√bhūṣ-,Wurzel,,lemma_BUz_6436,y
50,√devay-,Wurzel,,lemma_devay_4453,y
50,√dhāv- 1,Wurzel,,lemma_DAv_4691,y
49,adrivant-,Nominalstamm,,lemma_adrivat_328,y
49,grā́van-,Nominalstamm,,lemma_grAvan_3117,y
49,nárya-,Nominalstamm,,lemma_narya_4864,y
49,návyas-,Nominalstamm,,lemma_navyas_4886,y
49,rūpá-,Nominalstamm,,lemma_rUpa_7468,y
49,sahasrín-,Nominalstamm,,lemma_sahasrin_9585,y
49,suvr̥ktí-,Nominalstamm,,lemma_suvfkti_9977,y
49,vrajá-,Nominalstamm,,lemma_vraja_8532,y
49,√bhī-,Wurzel,,lemma_BI_6377,y
49,√pr̥c-,Wurzel,,lemma_pfc_5736,y
49,√sru-,Wurzel,,lemma_sru_10358,y
48,gātú-,Nominalstamm,,lemma_gAtu_2950,y
48,kārú-,Nominalstamm,,lemma_kAru_2533,y
48,púraṃdhi-,Nominalstamm,,lemma_puraMDi_5553,y
48,sadhástha-,Nominalstamm,,lemma_saDasTa_9245,y
48,ádabdha-,Nominalstamm,,lemma_adabDa_272,y
48,ánna-,Nominalstamm,,lemma_anna_596,y
48,√dr̥- ~ dr̥̄-,Wurzel,,lemma_dar_4104,y
48,√khyā-,Wurzel,,lemma_KyA_2878,y
47,cákṣus-,Nominalstamm,,lemma_cakzus_3196,y
47,dūrá-,Nominalstamm,,lemma_dUra_4388,y
47,kr̥ṣṇá-,Nominalstamm,,lemma_kfzRa_2691,y
47,rákṣas-,Nominalstamm,,lemma_rakzas_7210,y
47,rása-,Nominalstamm,,lemma_rasa_7345,y
47,samád-,Nominalstamm,,lemma_samad_9363,y
47,svit,Invariabile,,lemma_svid_10523,y
47,turá- 1,Nominalstamm,1,lemma_tura_3796,y
47,turá- 1,Nominalstamm,2,lemma_tura_3795,y
47,yajatá-,Nominalstamm,,lemma_yajata_6995,y
47,√hvā-,Wurzel,,lemma_hU_10718,y
47,√maṃh-,Wurzel,,lemma_maMh_6479,y
47,√nam- 1,Wurzel,,lemma_nam_4841,y
47,√tap-,Wurzel,,lemma_tap_3661,y
47,√śās-,Wurzel,,lemma_SAs_8750,y
46,avitár-,Nominalstamm,,lemma_avitf_1169,y
46,dhr̥ṣṇú-,Nominalstamm,,lemma_DfzRu_4748,y
46,kám,Invariabile,,lemma_kam_2428,y
46,mahiṣá-,Nominalstamm,,lemma_mahiza_6748,y
46,paúṃsya-,Nominalstamm,,lemma_pOMsya_5827,y
46,pr̥thú-,Nominalstamm,,lemma_pfTu_5763,y
46,sama-,Pronomen,,lemma_sama_9360,y
46,átri-,Nominalstamm,,lemma_atri_258,y
46,índrāváruṇa-,Nominalstamm,,lemma_indrAvaruRa_1743,y
46,śíras- ~ śīrṣán-,Nominalstamm,1,lemma_Siras_8789,y
46,śíras- ~ śīrṣán-,Nominalstamm,2,lemma_SIrzan_8815,y
46,śíśu-,Nominalstamm,,lemma_SiSu_8796,y
46,√ad-,Wurzel,,lemma_ad_267,y
46,√aj-,Wurzel,,lemma_aj_169,y
46,√ranⁱ-,Wurzel,,lemma_ran_7296,y
45,aṃśú-,Nominalstamm,,lemma_aMSu_5,y
45,jihvā́-,Nominalstamm,,lemma_jihvA_3517,y
45,kṣatrá-,Nominalstamm,,lemma_kzatra_2773,y
45,kṣití-,Nominalstamm,,lemma_kziti_2798,y
45,práyas-,Nominalstamm,,lemma_prayas_5956,y
45,páñca-,Nominalstamm,,lemma_paYcan_5173,y
45,samídh-,Nominalstamm,,lemma_samiD_9395,y
45,sū́ra-,Nominalstamm,,lemma_sUra_10114,y
45,ubháya-,Nominalstamm,,lemma_uBaya_2011,y
45,átithi-,Nominalstamm,,lemma_atiTi_229,y
45,śakrá-,Nominalstamm,,lemma_Sakra_8575,y
45,śáṃsa-,Nominalstamm,,lemma_SaMsa_8558,y
45,√nakṣ-,Wurzel,,lemma_nakz_4803,y
45,√śubh-,Wurzel,,lemma_SuB_8857,y
44,dasmá-,Nominalstamm,,lemma_dasma_4153,y
44,dvā́r-,Nominalstamm,,lemma_dvAr_4600,y
44,mahá-,Nominalstamm,,lemma_maha_6709,y
44,parás,Invariabile,,lemma_paras_5268,y
44,pára-,Nominalstamm,,lemma_para_5262,y
44,vánaspáti-,Nominalstamm,,lemma_vanaspati_7628,y
44,áram,Invariabile,,lemma_aram_974,y
44,árāti-,Nominalstamm,,lemma_arAti_986,y
44,√hā- 2,Wurzel,,lemma_hA_10639,y
44,√rī-,Wurzel,,lemma_ri_7400,y
44,√sapary-,Wurzel,,lemma_sapary_9309,y
43,girí-,Nominalstamm,,lemma_giri_2977,y
43,jāmí-,Nominalstamm,,lemma_jAmi_3484,y
43,vadhá-,Nominalstamm,,lemma_vaDa_7599,y
43,ánta-,Nominalstamm,,lemma_anta_567,y
43,āré,Invariabile,,lemma_Ara_1584,y
43,√cyu-,Wurzel,,lemma_cyu_3347,y
43,√dyut-,Wurzel,,lemma_dyut_4517,y
43,√randh-,Wurzel,,lemma_raD_7291,y
43,√ric-,Wurzel,,lemma_ric_7404,y
43,√sā- ~ si-,Wurzel,1,lemma_si_9667,y
43,√sā- ~ si-,Wurzel,2,lemma_sA_9603,y
43,√vakṣ-,Wurzel,,lemma_vakz_7552,y
42,dvá-,Nominalstamm,,lemma_dva_4585,y
42,dvéṣas-,Nominalstamm,,lemma_dvezas_4623,y
42,kvà,Invariabile,,lemma_kva_2770,y
42,mā́ruta-,Nominalstamm,,lemma_mAruta_6804,y
42,mīḍhváṃs-,Nominalstamm,,lemma_mIQvas_6864,y
42,návya-,Nominalstamm,,lemma_navya_4884,y
42,tveṣá-,Nominalstamm,,lemma_tveza_4012,y
42,√ruj-,Wurzel,,lemma_ruj_7435,y
42,√stambhⁱ-,Wurzel,,lemma_staB_10220,y
42,√vājay- 2,Wurzel,1,lemma_vAjay_7867,y
42,√vājay- 2,Wurzel,2,lemma_vaj_7578,y
41,anyaká-,Nominalstamm,,lemma_anyaka_603,y
41,gaṇá-,Nominalstamm,,lemma_gaRa_2881,y
41,gírvaṇas-,Nominalstamm,,lemma_girvaRas_2983,y
41,indriyá-,Nominalstamm,,lemma_indriya_1746,y
41,kā́vya-,Nominalstamm,,lemma_kAvya_2541,y
41,naú- ~ nā́v-,Nominalstamm,1,lemma_nO_5145,y
41,naú- ~ nā́v-,Nominalstamm,2,lemma_nAva_4933,y
41,nŕ̥tama-,Nominalstamm,,lemma_nftama_5089,y
41,tritá-,Nominalstamm,,lemma_trita_3933,y
41,yuvatí-,Nominalstamm,,lemma_yuvati_7153,y
41,yáviṣṭha-,Nominalstamm,,lemma_yavizWa_7074,y
41,āvís,Invariabile,,lemma_Avis_1620,y
41,√dah-,Wurzel,,lemma_dah_4163,y
41,√sādh- ~ sidh-,Wurzel,,lemma_sAD_9620lemma_siD_9674,y
40,anehás-,Nominalstamm,,lemma_anehas_566,y
40,aṅgá,Invariabile,,lemma_aNga_133,y
40,darśatá-,Nominalstamm,,lemma_darSata_4115,y
40,dhúr-,Nominalstamm,,lemma_Dur_4726,y
40,haryatá-,Nominalstamm,,lemma_haryata_10586,y
40,hávya-,Nominalstamm,,lemma_havya_10612,y
40,jágat-,Nominalstamm,,lemma_jagat_3371,y
40,jánman-,Nominalstamm,,lemma_janman_3416,y
40,kárman-,Nominalstamm,,lemma_karman_2465,y
40,sthirá-,Nominalstamm,,lemma_sTira_10277,y
40,sugá-,Nominalstamm,,lemma_suga_9725,y
40,sūnŕ̥ta-,Nominalstamm,,lemma_sUnfta_10098,y
40,táviṣī-,Nominalstamm,,lemma_tavizI_3718,y
40,vára- 1,Nominalstamm,1,lemma_vara_7698,y
40,vára- 1,Nominalstamm,2,lemma_vara_7699,y
40,vásyaṃs-,Nominalstamm,,lemma_vasyas_7832,y
40,vītí-,Nominalstamm,,lemma_vIti_8308,y
40,yadā́,Invariabile,,lemma_yadA_7047,y
40,ádhvan-,Nominalstamm,,lemma_aDvan_383,y
40,√nabh- 1,Wurzel,,lemma_naB_4828,y
40,√vadhⁱ-,Wurzel,,lemma_vaD_7598,y
39,abhíṣṭi-,Nominalstamm,,lemma_aBizwi_816,y
39,jyéṣṭha-,Nominalstamm,,lemma_jyezWa_3587,y
39,kadā́,Invariabile,,lemma_kadA_2403,y
39,kóśa-,Nominalstamm,,lemma_koSa_2723,y
39,nr̥cákṣas-,Nominalstamm,,lemma_nfcakzas_5086,y
39,rúśant-,Nominalstamm,,lemma_ruSat_7457,y
39,tavás-,Nominalstamm,,lemma_tavas_3713,y
39,uttamá-,Nominalstamm,,lemma_uttama_1880,y
39,vápus-,Nominalstamm,,lemma_vapus_7668,y
39,váreṇya-,Nominalstamm,,lemma_vareRya_7731,y
39,ánīka-,Nominalstamm,,lemma_anIka_508,y
39,ī́ḍya-,Nominalstamm,,lemma_Iqya_1827,y
39,√prā-,Wurzel,,lemma_prA_6034,y
38,camū́-,Nominalstamm,,lemma_camU_3238,y
38,devávīti-,Nominalstamm,,lemma_devavIti_4466,y
38,mádhya-,Nominalstamm,,lemma_maDya_6575,y
38,pratyáñc-,Nominalstamm,,lemma_pratyac_5901,y
38,r̥tú-,Nominalstamm,,lemma_ftu_2219,y
38,samrā́j-,Nominalstamm,,lemma_samrAj_9425,y
38,saúbhaga-,Nominalstamm,,lemma_sOBaga_10194,y
38,vŕ̥dh-,Nominalstamm,,lemma_vfD_8386,y
38,yugá-,Nominalstamm,,lemma_yuga_7131,y
38,ā́rya-,Nominalstamm,1,lemma_Arya_1608,y
38,ā́rya-,Nominalstamm,2,lemma_Arya_1609,y
38,śúṣṇa-,Nominalstamm,,lemma_SuzRa_8880,y
38,√dhū-,Wurzel,,lemma_DU_4727,y
37,catúr-,Nominalstamm,,lemma_catur_3201,y
37,manīṣín-,Nominalstamm,,lemma_manIzin_6605,y
37,mr̥gá-,Nominalstamm,,lemma_mfga_6912,y
37,niyút-,Nominalstamm,,lemma_niyut_5002,y
37,satrā́,Invariabile,,lemma_satrA_9196,y
37,sádas-,Nominalstamm,,lemma_sadas_9214,y
37,usríya-,Nominalstamm,,lemma_usriya_2092,y
37,yaśás-,Nominalstamm,,lemma_yaSas_7081,y
37,ā́yudha-,Nominalstamm,,lemma_AyuDa_1580,y
37,śubhrá-,Nominalstamm,,lemma_SuBra_8863,y
37,√yu- 1,Wurzel,,lemma_yu_7124,y
36,kútsa-,Nominalstamm,,lemma_kutsa_2592,y
36,maghá-,Nominalstamm,,lemma_maGa_6499,y
36,matsará-,Nominalstamm,,lemma_matsara_6523,y
36,nákt-,Nominalstamm,,lemma_nakta_4798,y
36,prajā́vant-,Nominalstamm,,lemma_prajAvat_5855,y
36,prā́ñc-,Nominalstamm,,lemma_prAc_6037,y
36,r̥tāvŕ̥dh-,Nominalstamm,,lemma_ftAvfD_2216,y
36,suháva-,Nominalstamm,,lemma_suhava_10065,y
36,sukŕ̥t-,Nominalstamm,,lemma_sukft_9708,y
36,ukṣán-,Nominalstamm,,lemma_ukzan_1860,y
36,viśvávedas-,Nominalstamm,,lemma_viSvavedas_8207,y
36,śáviṣṭha-,Nominalstamm,,lemma_SavizTa_8715,y
36,√hā- 1,Wurzel,,lemma_hA_10639,y
36,√rej-,Wurzel,,lemma_rej_7473,y
36,√uruṣy-,Wurzel,,lemma_uruzy_2046,y
36,√viṣ- 2,Wurzel,,lemma_viz_8235,y
35,amítra-,Nominalstamm,,lemma_amitra_883,y
35,aruṇá-,Nominalstamm,,lemma_aruRa_1016,y
35,bhū́man-,Nominalstamm,,lemma_BUman_6406,y
35,duroṇá-,Nominalstamm,,lemma_duroRa_4308,y
35,iṣṭí-,Nominalstamm,,lemma_izwi_1814,y
35,janúṣ-,Nominalstamm,,lemma_janus_3413,y
35,māyín-,Nominalstamm,,lemma_mAyin_6801,y
35,pád-,Nominalstamm,,lemma_pad_5226,y
35,saní-,Nominalstamm,,lemma_sani_9275,y
35,sujātá-,Nominalstamm,,lemma_sujAta_9751,y
35,suparṇá-,Nominalstamm,,lemma_suparRa_9833,y
35,viśvávāra-,Nominalstamm,,lemma_viSvavAra_8203,y
35,yóṣā-,Nominalstamm,,lemma_yozA_7199,y
35,yúdh-,Nominalstamm,,lemma_yuD_7140,y
35,ānuṣák,Invariabile,,lemma_Anuzak_1527,y
35,√guh-,Wurzel,,lemma_guh_2998,y
35,√trā-,Wurzel,,lemma_trA_3919,y
35,√vyā-,Wurzel,,lemma_vyA_8522,y
34,dharúṇa-,Nominalstamm,,lemma_DaruRa_4652,y
34,kathā́,Invariabile,,lemma_kaTA_2401,y
34,mūrdhán-,Nominalstamm,,lemma_mUrDan_6904,y
34,nítya-,Nominalstamm,,lemma_nitya_4963,y
34,prātár,Invariabile,,lemma_prAtar_6045,y
34,purástāt,Invariabile,,lemma_purastAt_5557,y
34,rétas-,Nominalstamm,,lemma_retas_7476,y
34,vīrávant-,Nominalstamm,,lemma_vIravat_8324,y
34,yathā,Invariabile,,lemma_yaTA_7040,y
34,ádābhya-,Nominalstamm,,lemma_adABya_281,y
34,ánti,Invariabile,,lemma_anti_585,y
34,ápas-,Nominalstamm,,lemma_apas_646,y
34,éva-,Nominalstamm,,lemma_eva_2316,y
34,śárdhas-,Nominalstamm,,lemma_SarDas_8694,y
34,√dhanv-,Wurzel,,lemma_Danv_4642,y
34,√śamⁱ-,Wurzel,,lemma_Sam_8659,y
33,aghá-,Nominalstamm,,lemma_aGa_114,y
33,dīrghá-,Nominalstamm,,lemma_dIrGa_4265,y
33,havyavā́h-,Nominalstamm,,lemma_havyavah_10615,y
33,rakṣás-,Nominalstamm,,lemma_rakzas_7210,y
33,svadhvará-,Nominalstamm,,lemma_svaDvara_10392,y
33,viśpáti-,Nominalstamm,,lemma_viSpati_8146,y
33,vícarṣaṇi-,Nominalstamm,,lemma_vicarzaRi_7967,y
33,áśvāvant-,Nominalstamm,1,lemma_aSvAvat_1287,y
33,áśvāvant-,Nominalstamm,2,lemma_aSvavat_1278 ,y
33,√vandⁱ-,Wurzel,,lemma_vand_7646,y
32,bahú-,Nominalstamm,,lemma_bahu_6180,y
32,jīrádānu-,Nominalstamm,,lemma_jIradAnu_3522,y
32,makṣú-,Nominalstamm,,lemma_makzu_6490,y
32,mayobhū́-,Nominalstamm,,lemma_mayoBu_6673,y
32,márya-,Nominalstamm,,lemma_marya_6697,y
32,máṃhiṣṭha-,Nominalstamm,,lemma_maMhizWa_6484,y
32,návīyaṃs-,Nominalstamm,,lemma_navIyas_4881,y
32,nā́ka-,Nominalstamm,,lemma_nAka_4902,y
32,pravát-,Nominalstamm,,lemma_pravat_5976,y
32,práśasti-,Nominalstamm,,lemma_praSasti_5995,y
32,pŕ̥t-,Nominalstamm,,lemma_pft_5741,y
32,puruṣṭutá-,Nominalstamm,,lemma_puruzwuta_5635,y
32,sumánas-,Nominalstamm,,lemma_sumanas_9898,y
32,sádam,Invariabile,,lemma_sadam_9212,y
32,árṇas-,Nominalstamm,,lemma_arRas_1051,y
32,√as- 2,Wurzel,,lemma_as_1306,y
32,√dhī-,Wurzel,,lemma_DI_4709,y
32,√hr̥- 2,Wurzel,,lemma_hary_10584,y
32,√ram-,Wurzel,,lemma_ram_7320,y
32,√rū-,Wurzel,,lemma_ru_7425,y
32,√vāś-,Wurzel,,lemma_vAS_7935,y
31,adrúh-,Nominalstamm,,lemma_adruh_332,y
31,avasyú-,Nominalstamm,,lemma_avasyu_1146,y
31,bheṣajá-,Nominalstamm,,lemma_Bezaja_6451,y
31,bhīmá-,Nominalstamm,,lemma_BIma_6379,y
31,dhiṣáṇā-,Nominalstamm,,lemma_DizaRA_4705,y
31,janitár-,Nominalstamm,,lemma_janitf_3402,y
31,náva- 2,Nominalstamm,,lemma_nava_4866,y
31,svarvíd-,Nominalstamm,,lemma_svarvid_10465,y
31,sádman-,Nominalstamm,,lemma_sadman_9226,y
31,tva-,Pronomen,,lemma_tva_3982,y
31,tán-,Nominalstamm,,lemma_tan_3637,y
31,upamá-,Nominalstamm,,lemma_upama_1950,y
31,uśíj-,Nominalstamm,,lemma_uSij_2072,y
31,vicakṣaṇá-,Nominalstamm,,lemma_vicakzaRa_7966,y
31,vyùṣṭi-,Nominalstamm,,lemma_vyuzwi_8525,y
31,vástu-,Nominalstamm,,lemma_vastu_7821,y
31,yā́ma-,Nominalstamm,,lemma_yAma_7112,y
31,ádeva-,Nominalstamm,1,lemma_adeva_302,y
31,ádeva-,Nominalstamm,2,lemma_Adeva_1513,y
31,āpí-,Nominalstamm,,lemma_Api_1538,y
31,śréṣṭha-,Nominalstamm,,lemma_SrezWa_9009,y
31,√dabh-,Wurzel,,lemma_daB_4084,y
31,√daśasy-,Wurzel,,lemma_daSasy_4141,y
31,√dru-,Wurzel,,lemma_dru_4564,y
31,√rih-,Wurzel,,lemma_rih_7421,y
31,√r̥j- 1,Wurzel,,lemma_fYj_2175,y
31,√sidh-,Wurzel,,lemma_siD_9674,y
30,aratí-,Nominalstamm,,lemma_arati_968,y
30,drapsá-,Nominalstamm,,lemma_drapsa_4535,y
30,gábhasti-,Nominalstamm,,lemma_gaBasti_2898,y
30,itás,Invariabile,,lemma_itas_1686,y
30,jaṭhára-,Nominalstamm,,lemma_jaWara_3384,y
30,jániman-,Nominalstamm,,lemma_janiman_3410,y
30,nr̥mṇá-,Nominalstamm,,lemma_nfmRa_5106,y
30,pradív-,Nominalstamm,,lemma_pradiv_5915,y
30,pāyú-,Nominalstamm,,lemma_pAyu_5438,y
30,svadhā́vant-,Nominalstamm,1,lemma_svaDAvat_10387,y
30,svadhā́vant-,Nominalstamm,2,lemma_svaDAvan_10388,y
30,sápti-,Nominalstamm,,lemma_sapti_9341,y
30,sátvan-,Nominalstamm,,lemma_satvan_9206,y
30,vayúna-,Nominalstamm,,lemma_vayuna_7685,y
30,vidyút-,Nominalstamm,,lemma_vidyut_8017,y
30,vŕ̥ka-,Nominalstamm,,lemma_vfka_8337,y
30,várivas-,Nominalstamm,,lemma_varivas_7710,y
30,ártha-,Nominalstamm,,lemma_arTa_1056,y
30,ásta-,Nominalstamm,,lemma_asta_1360,y
30,áśvya-,Nominalstamm,,lemma_aSvya_1291,y
30,śarád-,Nominalstamm,,lemma_Sarad_8683,y
30,√pat- 2,Wurzel,,lemma_pat_5187,y
30,√str̥̄-,Wurzel,,lemma_star_10223,y
30,√svar-,Wurzel,,lemma_svar_10433,y
29,bhrā́tar-,Nominalstamm,,lemma_BrAtf_6469,y
29,candrá-,Nominalstamm,,lemma_candra_3228,y
29,dvitā́,Invariabile,,lemma_dvitA_4606,y
29,gávya-,Nominalstamm,,lemma_gavya_2938,y
29,iṣirá-,Nominalstamm,,lemma_izira_1792,y
29,jāyā́-,Nominalstamm,,lemma_jAyA_3487,y
29,pŕ̥śni-,Nominalstamm,,lemma_pfSni_5784,y
29,sudā́s-,Nominalstamm,,lemma_sudAs_9792,y
29,svayám,Invariabile,,lemma_svayam_10424,y
29,sādhú-,Nominalstamm,,lemma_sADu_9626,y
29,sā́man-,Nominalstamm,,lemma_sAman_9640,y
29,vr̥kṣá-,Nominalstamm,,lemma_vfkza_8347,y
29,vŕ̥ṣṇya-,Nominalstamm,,lemma_vfzRya_8448,y
29,víṣvañc-,Nominalstamm,,lemma_vizvAc_8270,y
29,yájiṣṭha-,Nominalstamm,,lemma_yajizWa_6999,y
29,áśman-,Nominalstamm,,lemma_aSman_1237,y
29,énas-,Nominalstamm,,lemma_enas_2310,y
29,útsa-,Nominalstamm,,lemma_utsa_1889,y
29,śuná-,Nominalstamm,,lemma_Suna_8850,y
29,√diś-,Wurzel,,lemma_diS_4250,y
29,√tuj-,Wurzel,,lemma_tuj_3783,y
29,√vyadh-,Wurzel,,lemma_vyaD_8516,y
28,asuryà-,Nominalstamm,,lemma_asurya_1348,y
28,devayú-,Nominalstamm,,lemma_devayu_4459,y
28,devátāti-,Nominalstamm,,lemma_devatAti_4438,y
28,mŕ̥dh-,Nominalstamm,,lemma_mfD_6930,y
28,nyàñc-,Nominalstamm,,lemma_nyac_5147,y
28,purutrā́,Invariabile,,lemma_purutrA_5581,y
28,párijman-,Nominalstamm,,lemma_parijman_5290,y
28,pārá-,Nominalstamm,,lemma_pAra_5441,y
28,ripú-,Nominalstamm,,lemma_ripu_7408,y
28,tigmá-,Nominalstamm,,lemma_tigma_3745,y
28,usrá-,Nominalstamm,,lemma_usra_2089,y
28,vartís-,Nominalstamm,,lemma_vartis_7741,y
28,vaí,Invariabile,,lemma_vE_8485,y
28,vibhā́van-,Nominalstamm,1,lemma_viBAvan_8075,y
28,vibhā́van-,Nominalstamm,2,lemma_viBAvat_8074,y
28,vivásvant-,Nominalstamm,,lemma_vivasvan_8132,y
28,viśvā́yu-,Nominalstamm,,lemma_viSvAyu_8226,y
28,yátas,Invariabile,,lemma_yatas_7033,y
28,árvan-,Nominalstamm,1,lemma_arvat_1079,y
28,árvan-,Nominalstamm,2,lemma_arvan_1081,y
28,ávara-,Nominalstamm,,lemma_avara_1130,y
28,śuṣmín-,Nominalstamm,,lemma_Suzmin_8883,y
28,√jr̥̄- ~ jūr-,Wurzel,1,lemma_jar_3429,y
28,√jr̥̄- ~ jūr-,Wurzel,2,lemma_jur_3539,y
28,√kanⁱ-,Wurzel,,lemma_kan_2409,y
28,√myakṣ-,Wurzel,1,lemma_myakz_6974,y
28,√myakṣ-,Wurzel,2,lemma_mih_6859,y
28,√prī-,Wurzel,,lemma_prI_6085,y
28,√rabh-,Wurzel,,lemma_raB_7310,y
28,√tūr(v)- ~ tur-,Wurzel,1,lemma_tUrv_3864,y
28,√tūr(v)- ~ tur-,Wurzel,2,lemma_tur_3793,y
28,√vr̥śc-,Wurzel,,lemma_vraSc_8544,y
27,avyáya-,Nominalstamm,,lemma_avyaya_1206,y
27,bhojá-,Nominalstamm,,lemma_Boja_6454,y
27,cákṣas-,Nominalstamm,,lemma_cakzas_3193,y
27,duṣṭára-,Nominalstamm,,lemma_duzwara_4368,y
27,gharmá-,Nominalstamm,,lemma_Garma_3131,y
27,gúhya-,Nominalstamm,,lemma_guhia_3002,y
27,harít-,Nominalstamm,,lemma_harit_10559,y
27,háryaśva-,Nominalstamm,,lemma_haryaSva_10587,y
27,mandasāná-,Nominalstamm,,lemma_mandasAna_6642,y
27,máhas-,Nominalstamm,,lemma_mahas_6714,y
27,mātaríśvan-,Nominalstamm,,lemma_mAtariSvan_6772,y
27,nū́tana-,Nominalstamm,,lemma_nUtana_5082,y
27,parjánya-,Nominalstamm,,lemma_parjanya_5334,y
27,raṇvá-,Nominalstamm,,lemma_raRva_7248,y
27,sarvátāti-,Nominalstamm,,lemma_sarvatAti_9466,y
27,somapā́-,Nominalstamm,,lemma_somapA_10170,y
27,ávi-,Nominalstamm,,lemma_avi_1160,y
27,√bhrāj-,Wurzel,,lemma_BrAj_6463,y
27,√vap- 2,Wurzel,,lemma_vap_7661,y
27,√āp-,Wurzel,,lemma_Ap_1532,y
27,√īṣ-,Wurzel,,lemma_Iz_1838,y
26,amr̥tatvá-,Nominalstamm,,lemma_amftatva_907,y
26,apás-,Nominalstamm,,lemma_apas_647,y
26,arṇavá-,Nominalstamm,,lemma_arRava_1050,y
26,bhójana-,Nominalstamm,,lemma_Bojana_6455,y
26,cátuṣpad-,Nominalstamm,,lemma_catuzpad_3215,y
26,dhánur ~ dhánvan-,Nominalstamm,1,lemma_Danvan_4645,y
26,dhánur ~ dhánvan-,Nominalstamm,2,lemma_Danus_4640,y
26,dvipád-,Nominalstamm,,lemma_dvipad_4610,y
26,dívā,Invariabile,,lemma_divA_4234,y
26,dāsá-,Nominalstamm,,lemma_dAsa_4209,y
26,jīvá-,Nominalstamm,,lemma_jIva_3527,y
26,mádhumattama-,Nominalstamm,,lemma_maDumat_6564,y
26,navatí-,Nominalstamm,,lemma_navati_4871,y
26,níd-,Nominalstamm,,lemma_nid_4968,y
26,pátnī-,Nominalstamm,,lemma_patnI_5210,y
26,ráṇa-,Nominalstamm,,lemma_raRa_7243,y
26,spŕ̥dh-,Nominalstamm,,lemma_spfD_10305,y
26,spārhá-,Nominalstamm,,lemma_spArha_10298,y
26,súdhita-,Nominalstamm,,lemma_suDita_9815,y
26,trātár-,Nominalstamm,,lemma_trAtf_3921,y
26,vr̥dhá-,Nominalstamm,,lemma_vfDa_8387,y
26,vr̥ktábarhis-,Nominalstamm,,lemma_vfktabarhis_8345,y
26,yūthá-,Nominalstamm,,lemma_yUTa_7175,y
26,ávya-,Nominalstamm,,lemma_avya_1203,y
26,úpara-,Nominalstamm,,lemma_upara_1958,y
26,āsán-,Nominalstamm,,lemma_Asan_1653,y
26,ślóka-,Nominalstamm,,lemma_Sloka_9020,y
26,śruṣṭí-,Nominalstamm,,lemma_Sruzwi_9001,y
26,√ci- 1,Wurzel,,lemma_ci_3282,y
26,√naś- 2,Wurzel,,lemma_naS_4887,y
26,√śrī-,Wurzel,,lemma_SrI_8982,y
25,abhítas,Invariabile,,lemma_aBitas_773,y
25,drúh-,Nominalstamm,,lemma_druh_4571,y
25,durmatí-,Nominalstamm,,lemma_durmati_4330,y
25,dámūnas-,Nominalstamm,,lemma_damUnas_4097,y
25,jáni-,Nominalstamm,,lemma_jani_3400,y
25,jánitrī-,Nominalstamm,,lemma_janitrI_3403,y
25,júṣṭa-,Nominalstamm,,lemma_juzwa_3542,y
25,jārá-,Nominalstamm,,lemma_jAra_3490,y
25,pakvá-,Nominalstamm,,lemma_pakva_5156,y
25,pitú-,Nominalstamm,,lemma_pitu_5474,y
25,pr̥ṣṭhá-,Nominalstamm,,lemma_pfzWa_5803,y
25,puruspŕ̥h-,Nominalstamm,,lemma_puruspfh_5638,y
25,puróhita-,Nominalstamm,,lemma_purohita_5659,y
25,r̥jīṣín-,Nominalstamm,,lemma_fjIzin_2160,y
25,samyáñc-,Nominalstamm,,lemma_samyac_9424,y
25,sapráthas-,Nominalstamm,,lemma_sapraTas_9344,y
25,svādú-,Nominalstamm,,lemma_svAdu_10496,y
25,tridhā́tu-,Nominalstamm,,lemma_triDAtu_3937,y
25,tvác-,Nominalstamm,,lemma_tvac_3989,y
25,vasūyú-,Nominalstamm,,lemma_vasUyu_7820,y
25,vipaścít-,Nominalstamm,,lemma_vipaScit_8051,y
25,vŕ̥thā,Invariabile,,lemma_vfTA_8375,y
25,várdhana-,Nominalstamm,,lemma_varDana_7748,y
25,yātudhā́na-,Nominalstamm,,lemma_yAtuDAna_7098,y
25,ádbhuta-,Nominalstamm,,lemma_adButa_308,y
25,étaśa-,Nominalstamm,,lemma_etaSa_2298,y
25,ā́s-,Nominalstamm,,lemma_As_1648,y
25,śáṃtama-,Nominalstamm,,lemma_SaMtama_8649,y
25,√arh-,Wurzel,,lemma_arh_1093,y
25,√nud-,Wurzel,,lemma_nud_5080,y
25,√pac-,Wurzel,,lemma_pac_5163,y
25,√vr̥ṣ- 1,Wurzel,,lemma_vfz_8393,y
24,asmayú-,Nominalstamm,,lemma_asmayu_1384,y
24,asuratvá-,Nominalstamm,,lemma_asuratva_1346,y
24,babhrú-,Nominalstamm,,lemma_baBru_6153,y
24,dhartár-,Nominalstamm,,lemma_Dartf_4656,y
24,dhúni-,Nominalstamm,,lemma_Duni_4720,y
24,ghr̥távant-,Nominalstamm,,lemma_Gftavat_3158,y
24,náva- 1,Nominalstamm,,lemma_navan_4872,y
24,nírr̥ti-,Nominalstamm,,lemma_nirfti_5009,y
24,riśā́das-,Nominalstamm,,lemma_riSAdas_7415,y
24,sahásradhāra-,Nominalstamm,,lemma_sahasraDAra_9547,y
24,sarátha-,Nominalstamm,,lemma_saraTa_9438,y
24,svādhī́-,Nominalstamm,,lemma_svADI_10502,y
24,sárga-,Nominalstamm,,lemma_sarga_9453,y
24,sūktá-,Nominalstamm,,lemma_sUkta_10083,y
24,tr̥tī́ya-,Nominalstamm,,lemma_tftIya_3873,y
24,tátra,Invariabile,,lemma_tatra_3624,y
24,vyòman-,Nominalstamm,,lemma_vyoman_8529,y
24,várūtha-,Nominalstamm,,lemma_varUTa_7729,y
24,váśa-,Nominalstamm,,lemma_vaSa_7773,y
24,yáśas-,Nominalstamm,,lemma_yaSas_7082,y
24,ástar-,Nominalstamm,,lemma_astf_1365,y
24,śárdha-,Nominalstamm,,lemma_SarDa_8692,y
24,√dhamⁱ-,Wurzel,,lemma_Dam_4649,y
24,√dā- 3,Wurzel,,lemma_day_4102,y
24,√hr̥ṣ-,Wurzel,,lemma_hfz_10733,y
24,√kā-,Wurzel,,lemma_kA_2508,y
24,√kṣā- 2,Wurzel,,lemma_kzi_2795,y
24,√pad-,Wurzel,,lemma_pad_5225,y
24,√vr̥h-,Wurzel,,lemma_barh_6156,y
23,abhī́ka-,Nominalstamm,,lemma_aBIka_828,y
23,bhŕ̥gu-,Nominalstamm,,lemma_Bfgu_6439,y
23,camasá-,Nominalstamm,,lemma_camasa_3237,y
23,devatrā́,Invariabile,,lemma_devatrA_4440,y
23,dhánvan-,Nominalstamm,,lemma_Danvan_4646,y
23,draviṇodā́-,Nominalstamm,,lemma_draviRoda_4548,y
23,dāná-,Nominalstamm,,lemma_dAna_4177,y
23,dā́sa-,Nominalstamm,,lemma_dAsa_4209,y
23,indra-vāyú-,Nominalstamm,,lemma_indravAyu_1726,y
23,jā́gr̥vi-,Nominalstamm,,lemma_jAgfvi_3469,y
23,niṣkr̥tá-,Nominalstamm,,lemma_nizkfta_5038,y
23,pathyā̀-,Nominalstamm,,lemma_paTyA_5224,y
23,pŕ̥kṣ-,Nominalstamm,,lemma_pfkz_5731,y
23,purūvásu-,Nominalstamm,,lemma_purUvasu_5646,y
23,sudúgha-,Nominalstamm,,lemma_suduGa_9798,y
23,suśéva-,Nominalstamm,,lemma_suSeva_9997,y
23,svarā́jya-,Nominalstamm,,lemma_svarAjya_10441,y
23,sūryā́-,Nominalstamm,,lemma_sUrya_10120,y
23,tátas,Invariabile,,lemma_tatas_3622,y
23,urviyā́,Invariabile,,lemma_urviyA_2058,y
23,valá-,Nominalstamm,,lemma_vala_7763,y
23,vr̥trahántama-,Nominalstamm,,lemma_vftrahan_8373,y
23,vr̥trahátya-,Nominalstamm,,lemma_vftrahatya_8371,y
23,várṇa-,Nominalstamm,,lemma_varRa_7738,y
23,yáva-,Nominalstamm,,lemma_yava_7066,y
23,yávasa-,Nominalstamm,,lemma_yavasa_7069,y
23,yújya-,Nominalstamm,,lemma_yujya_7136,y
23,ánr̥ta-,Nominalstamm,,lemma_anfta_559,y
23,ókas-,Nominalstamm,,lemma_okas_2336,y
23,śūṣá-,Nominalstamm,,lemma_SUza_8896,y
23,√jū-,Wurzel,,lemma_jU_3547,y
23,√tr̥p-,Wurzel,,lemma_tfp_3877,y
23,√ukṣ-,Wurzel,,lemma_ukz_1855,y
22,arcís-,Nominalstamm,,lemma_arcis_1044,y
22,dātár-,Nominalstamm,,lemma_dAtf_4171,y
22,gabhīrá-,Nominalstamm,,lemma_gaBIra_2900,y
22,kam,Invariabile,,lemma_kam_2429,y
22,kā́mya-,Nominalstamm,,lemma_kAmya_2527,y
22,majmán-,Nominalstamm,,lemma_majman_6509,y
22,mandín-,Nominalstamm,,lemma_mandin_6644,y
22,manuṣvát,Invariabile,,lemma_manuzvat_6615,y
22,manuṣyà-,Nominalstamm,,lemma_manuzya_6613,y
22,nirṇíj-,Nominalstamm,,lemma_nirRij_5012,y
22,nr̥vánt-,Nominalstamm,,lemma_nfvat_5108,y
22,puṣṭí-,Nominalstamm,,lemma_puzwi_5672,y
22,pā́jas-,Nominalstamm,,lemma_pAjas_5417,y
22,rápas-,Nominalstamm,,lemma_rapas_7305,y
22,sánitar-,Nominalstamm,,lemma_sanitf_9278,y
22,tvā́vant-,Nominalstamm,,lemma_tvAvat_4003,y
22,tántu-,Nominalstamm,,lemma_tantu_3653,y
22,tū́ya-,Nominalstamm,,lemma_tUya_3858,y
22,uloká-,Nominalstamm,,lemma_loka_7521,y
22,viśvárūpa-,Nominalstamm,,lemma_viSvarUpa_8201,y
22,vāghát-,Nominalstamm,,lemma_vAGat_7847,y
22,vājínīvasu-,Nominalstamm,,lemma_vAjinIvasu_7880,y
22,vā́ṇī-,Nominalstamm,,lemma_vARI_7887,y
22,yahvī́-,Nominalstamm,,lemma_yahvI_7090,y
22,yós,Invariabile,,lemma_yos_7201,y
22,ápara-,Nominalstamm,,lemma_apara_631,y
22,ātmán-,Nominalstamm,,lemma_Atman_1499,y
22,ūrvá-,Nominalstamm,,lemma_Urva_2129,y
22,√krīḍ-,Wurzel,,lemma_krIq_2757,y
22,√stanⁱ-,Wurzel,,lemma_stan_10214,y
22,√vañc-,Wurzel,,lemma_vaYc_7587,y
22,√vā- 1,Wurzel,,lemma_vA_7842,y
21,avr̥ká-,Nominalstamm,,lemma_avfka_1197,y
21,añjí-,Nominalstamm,,lemma_aYji_213,y
21,durgá-,Nominalstamm,,lemma_durga_4313,y
21,gr̥hápati-,Nominalstamm,,lemma_gfhapati_3024,y
21,gópati-,Nominalstamm,,lemma_gopati_3055,y
21,iṣá-,Nominalstamm,,lemma_iza_1779,y
21,keśín-,Nominalstamm,,lemma_keSin_2719,y
21,mithuná-,Nominalstamm,,lemma_miTuna_6846,y
21,mántra-,Nominalstamm,,lemma_mantra_6628,y
21,niyútvant-,Nominalstamm,,lemma_niyutvat_5003,y
21,puroḷā́ś-,Nominalstamm,,lemma_puroqAS_5651,y
21,pūrú-,Nominalstamm,,lemma_pUru_5690,y
21,ŕ̥c-,Nominalstamm,,lemma_fc_2148,y
21,sajóṣa-,Nominalstamm,,lemma_sajoza_9155,y
21,sanā́t,Invariabile,,lemma_sanAt_9270,y
21,sudákṣa-,Nominalstamm,,lemma_sudakza_9784,y
21,supéśas-,Nominalstamm,,lemma_supeSas_9847,y
21,sutásoma-,Nominalstamm,,lemma_sutasoma_9768,y
21,svàrvant-,Nominalstamm,,lemma_svarvat_10464,y
21,tápas-,Nominalstamm,,lemma_tapas_3664,y
21,tīvrá-,Nominalstamm,,lemma_tIvra_3771,y
21,vanín-,Nominalstamm,,lemma_vanin_7633,y
21,yahvá-,Nominalstamm,,lemma_yahva_7088,y
21,ámīvā-,Nominalstamm,,lemma_amIvA_900,y
21,áriṣṭa-,Nominalstamm,,lemma_arizwa_1002,y
21,āyasá-,Nominalstamm,,lemma_Ayasa_1576,y
21,śámbara-,Nominalstamm,,lemma_Sambara_8667,y
21,śámī-,Nominalstamm,,lemma_SamI_8664,y
21,√duvasy-,Wurzel,,lemma_duvasy_4356,y
21,√mr̥-,Wurzel,,lemma_mf_6907,y
21,√muṣⁱ-,Wurzel,,lemma_muz_6882,y
21,√panⁱ-,Wurzel,,lemma_pan_5235,y
21,√piś- 1,Wurzel,,lemma_piS_5500,y
21,√rad-,Wurzel,,lemma_rad_7289,y
21,√sas-,Wurzel,,lemma_sas_9493,y
21,√sū- 2,Wurzel,,lemma_sU_10080,y
21,√sūd-,Wurzel,,lemma_sUd_10089,y
21,√śardh-,Wurzel,,lemma_SarD_8691,y
20,anarván-,Nominalstamm,,lemma_anarvan_423,y
20,avatá-,Nominalstamm,,lemma_avata_1106,y
20,bhúj-,Nominalstamm,,lemma_Buj_6387,y
20,bhū́yaṃs-,Nominalstamm,,lemma_BUyas_6410,y
20,budhná-,Nominalstamm,,lemma_buDna_6218,y
20,gandharvá-,Nominalstamm,,lemma_ganDarva_2894,y
20,ghóṣa-,Nominalstamm,,lemma_Goza_3178,y
20,iná-,Nominalstamm,,lemma_ina_1705,y
20,juhū́-,Nominalstamm,,lemma_juhU_3544,y
20,kṣétra-,Nominalstamm,,lemma_kzetra_2820,y
20,madacyút-,Nominalstamm,,lemma_madacyut_6535,y
20,madíntama-,Nominalstamm,,lemma_madin_6539,y
20,máyas-,Nominalstamm,,lemma_mayas_6667,y
20,paścā́t,Invariabile,,lemma_paScAt_5393,y
20,prámati-,Nominalstamm,,lemma_pramatI_5941,y
20,póṣa-,Nominalstamm,,lemma_poza_5821,y
20,rebhá-,Nominalstamm,,lemma_reBa_7481,y
20,rukmá-,Nominalstamm,,lemma_rukma_7427,y
20,ŕ̥kvan-,Nominalstamm,,lemma_fkvan_2138,y
20,svarā́j-,Nominalstamm,,lemma_svarAj_10440,y
20,taráṇi-,Nominalstamm,,lemma_taraRi_3688,y
20,turváśa-,Nominalstamm,,lemma_turvaSa_3814,y
20,tvóta-,Nominalstamm,,lemma_tvota_4024,y
20,vajrivant-,Nominalstamm,,lemma_vajrivat_7586,y
20,ábhva-,Nominalstamm,,lemma_aBva_852,y
20,śravasyú-,Nominalstamm,,lemma_Sravasyu_8972,y
20,śvetá-,Nominalstamm,,lemma_Sveta_9048,y
20,√nādh-,Wurzel,,lemma_nAD_4908,y
20,√tr̥d-,Wurzel,,lemma_tfd_3875,y
20,√tr̥ṣ-,Wurzel,,lemma_tfz_3884,y
20,√uh-,Wurzel,,lemma_Uh_2134,y
20,√śrathⁱ-,Wurzel,,lemma_SraT_8951,y
20,√śr̥̄- 1,Wurzel,1,lemma_Sar_8678,y
20,√śr̥̄- 1,Wurzel,2,lemma_Sir_8788,y
20,√śudh-,Wurzel,,lemma_SuD_8849,y
20,√śvasⁱ-,Wurzel,,lemma_Svas_9030,y
20,√śū- 1,Wurzel,,lemma_SU_8884,y
19,ajá- 2,Nominalstamm,,lemma_aja_171,y
19,andhá-,Nominalstamm,,lemma_anDa_593,y
19,bharádvāja-,Nominalstamm,,lemma_BaradvAja_6317,y
19,bhiyás-,Nominalstamm,,lemma_Biyas_6373,y
19,bála-,Nominalstamm,,lemma_bala_6166,y
19,chardís-,Nominalstamm,,lemma_Cardis_3362,y
19,gáya-,Nominalstamm,,lemma_gaya_2910,y
19,gāyatrá-,Nominalstamm,,lemma_gAyatra_2964,y
19,madhyamá-,Nominalstamm,,lemma_maDyama_6578,y
19,médhira-,Nominalstamm,,lemma_meDira_6955,y
19,pradíś-,Nominalstamm,,lemma_pradiS_5916,y
19,pā́tra-,Nominalstamm,,lemma_pAtra_5426,y
19,r̥tvíj-,Nominalstamm,,lemma_ftvij_2227,y
19,samá-,Nominalstamm,,lemma_sama_9361,y
19,svā́hā,Invariabile,,lemma_svAhA_10519,y
19,sáhasvant-,Nominalstamm,,lemma_sahasvat_9588,y
19,súkr̥ta-,Nominalstamm,,lemma_sukfta_9710,y
19,taviṣá-,Nominalstamm,,lemma_taviza_3717,y
19,udán-,Nominalstamm,,lemma_udan_1899,y
19,urugāyá-,Nominalstamm,,lemma_urugAya_2031,y
19,vená-,Nominalstamm,,lemma_venA_8472,y
19,vr̥jiná-,Nominalstamm,,lemma_vfjina_8358,y
19,vájrahasta-,Nominalstamm,,lemma_vajrahasta_7584,y
19,vīḷú-,Nominalstamm,,lemma_vIqu_8293,y
19,ájasra-,Nominalstamm,,lemma_ajasra_181,y
19,ámūra-,Nominalstamm,,lemma_amUra_904,y
19,ánāgas-,Nominalstamm,,lemma_anAgas_452,y
19,ā́gas-,Nominalstamm,,lemma_Agas_1459,y
19,śraddhā́-,Nominalstamm,,lemma_SradDA_8956,y
19,√bhuj- 2,Wurzel,,lemma_Buj_6387,y
19,√mahay-,Wurzel,,lemma_mah_6707,y
19,√mr̥ś-,Wurzel,,lemma_mfS_6935,y
19,√namasy-,Wurzel,,lemma_namasy_4846,y
19,√svad-,Wurzel,,lemma_svad_10381,y
19,√syand-,Wurzel,,lemma_syad_10332,y
19,√śnathⁱ-,Wurzel,,lemma_SnaT_8930,y
18,bahulá-,Nominalstamm,,lemma_bahula_6185,y
18,bhī́-,Nominalstamm,,lemma_BI_6378,y
18,dhr̥távrata-,Nominalstamm,,lemma_Dftavrata_4740,y
18,dhātár-,Nominalstamm,,lemma_DAtf_4669,y
18,doṣā́-,Nominalstamm,,lemma_dozA_4503,y
18,dyukṣá-,Nominalstamm,,lemma_dyukza_4514,y
18,dúvas-,Nominalstamm,,lemma_duvas_4354,y
18,ghr̥tā́ñc-,Nominalstamm,,lemma_GftAc_3166,y
18,gótama-,Nominalstamm,,lemma_gotama_3044,y
18,hetí-,Nominalstamm,,lemma_heti_10738,y
18,hárita-,Nominalstamm,,lemma_harita_10560,y
18,jráyas-,Nominalstamm,,lemma_jrayas_3601,y
18,kúha,Invariabile,,lemma_kuha_2632,y
18,mā́dhvī-,Nominalstamm,,lemma_mADvI_6782,y
18,netár-,Nominalstamm,,lemma_netf_5126,y
18,pratarám,Invariabile,,lemma_prataram_5864,y
18,pr̥kṣá-,Nominalstamm,,lemma_pfkza_5732,y
18,purukṣú-,Nominalstamm,,lemma_purukzu_5573,y
18,pā́thas-,Nominalstamm,,lemma_pATas_5427,y
18,r̥tuthā́,Invariabile,,lemma_ftuTA_2220,y
18,somín-,Nominalstamm,,lemma_somin_10190,y
18,srídh-,Nominalstamm,,lemma_sriD_10355,y
18,suśiprá-,Nominalstamm,,lemma_suSipra_9992,y
18,suūtí-,Nominalstamm,,lemma_suUti_9703,y
18,sváyaśas-,Nominalstamm,,lemma_svayaSas_10426,y
18,vayodhā́-,Nominalstamm,,lemma_vayoDA_7693,y
18,vayā́-,Nominalstamm,,lemma_vayA_7680,y
18,viśvácarṣaṇi-,Nominalstamm,,lemma_viSvacarzaRI_8159,y
18,vŕ̥ṣaṇvasu-,Nominalstamm,,lemma_vfzaRvasu_8403,y
18,várpas-,Nominalstamm,,lemma_varpas_7751,y
18,várṣiṣṭha-,Nominalstamm,,lemma_varzizWa_7757,y
18,yóga-,Nominalstamm,,lemma_yoga_7186,y
18,yójana-,Nominalstamm,,lemma_yojana_7189,y
18,ácyuta-,Nominalstamm,,lemma_acyuta_158,y
18,ákṣita-,Nominalstamm,,lemma_akzita_52,y
18,ántara-,Nominalstamm,,lemma_antara_573,y
18,ójiṣṭha-,Nominalstamm,,lemma_ojizWa_2343,y
18,śáru-,Nominalstamm,,lemma_Saru_8689,y
18,√aśⁱ-,Wurzel,,lemma_aS_1211,y
18,√bandh-,Wurzel,,lemma_banD_6142,y
18,√chand-,Wurzel,,lemma_Cad_3351,y
18,√kl̥p-,Wurzel,,lemma_kalp_2477,y
18,√r̥dh-,Wurzel,,lemma_fD_2235,y
18,√svap-,Wurzel,,lemma_svap_10401,y
17,ajuryá-,Nominalstamm,,lemma_ajurya_192,y
17,anavadyá-,Nominalstamm,,lemma_anavadya_428,y
17,arepás-,Nominalstamm,,lemma_arepas_1027,y
17,bhujyú-,Nominalstamm,,lemma_Bujyu_6392,y
17,bhā́s-,Nominalstamm,,lemma_BAs_6362,y
17,dhāsí-,Nominalstamm,,lemma_DAsi_4694,y
17,dhā́yas-,Nominalstamm,,lemma_DAyas_4680,y
17,dívodāsa-,Nominalstamm,,lemma_divodAsa_4247,y
17,gáviṣṭi-,Nominalstamm,,lemma_gavizwi_2934,y
17,havyavā́hana-,Nominalstamm,,lemma_havyavAhana_10616,y
17,havyádāti-,Nominalstamm,,lemma_havyadAti_10614,y
17,hotrá-,Nominalstamm,,lemma_hotra_10753,y
17,híraṇya-,Nominalstamm,,lemma_hiraRya_10663,y
17,jantú-,Nominalstamm,,lemma_jantu_3414,y
17,kanyā̀- ~ kanī́n-,Nominalstamm,,lemma_kanyA_2417,y
17,katamá-,Pronomen,,lemma_katama_2394,y
17,nr̥páti-,Nominalstamm,,lemma_nfpati_5094,y
17,práyasvant-,Nominalstamm,,lemma_prayasvat_5957,y
17,pŕ̥ṣant-,Nominalstamm,,lemma_pfzat_5791,y
17,pā́rya-,Nominalstamm,,lemma_pArya_5449,y
17,ráthya-,Nominalstamm,,lemma_raTya_7287,y
17,r̥bhukṣā́-,Nominalstamm,,lemma_fBukzA_2242,y
17,sadhryàñc-,Nominalstamm,,lemma_saDryac_9250,y
17,samithá-,Nominalstamm,,lemma_samiTa_9393,y
17,saṃdŕ̥ś-,Nominalstamm,,lemma_saMdfS_9300,y
17,sthávira-,Nominalstamm,,lemma_sTavira_10266,y
17,sumedhás-,Nominalstamm,,lemma_sumeDas_9917,y
17,svapatyá-,Nominalstamm,,lemma_svapatya_10403,y
17,sváśva-,Nominalstamm,,lemma_svaSva_10476,y
17,uśánā-,Nominalstamm,,lemma_uSanA_2070,y
17,vanús-,Nominalstamm,,lemma_vanus_7641,y
17,vibhú-,Nominalstamm,,lemma_viBu_8080,y
17,vájrabāhu-,Nominalstamm,,lemma_vajrabAhu_7581,y
17,védas- 1,Nominalstamm,,lemma_vedas_8460,y
17,vícetas-,Nominalstamm,,lemma_vicetas_7972,y
17,víp-,Nominalstamm,,lemma_vip_8044,y
17,vírūpa-,Nominalstamm,,lemma_virUpa_8119,y
17,vājayú-,Nominalstamm,,lemma_vAjayu_7868,y
17,vājínīvant-,Nominalstamm,,lemma_vAjinIvat_7879,y
17,yájīyaṃs-,Nominalstamm,,lemma_yajIyas_7000,y
17,átka-,Nominalstamm,,lemma_atka_250,y
17,śácīvant-,Nominalstamm,,lemma_SacIvat_8586,y
17,√ci- 3,Wurzel,,lemma_ci_3283,y
17,√ghuṣ-,Wurzel,,lemma_Guz_3140,y
17,√nas-,Wurzel,,lemma_nas_4892,y
17,√rudh- 1,Wurzel,,lemma_ruD_7442,y
17,√u- 2,Wurzel,,lemma_vA_7844,y
17,√vanuṣ(y)-,Wurzel,,lemma_vanuzy_7640,y
17,√ven-,Wurzel,,lemma_ven_8470,y
16,abhrá-,Nominalstamm,,lemma_aBra_847,y
16,agriyá-,Nominalstamm,,lemma_agriya_109,y
16,arcí-,Nominalstamm,,lemma_arci_1040,y
16,atrín-,Nominalstamm,,lemma_atrin_259,y
16,avadyá-,Nominalstamm,,lemma_avadya_1110,y
16,avamá-,Nominalstamm,,lemma_avama_1122,y
16,aváni-,Nominalstamm,,lemma_avani_1116,y
16,ayā́s-,Nominalstamm,,lemma_ayAs_939,y
16,deváhūti-,Nominalstamm,,lemma_devahUti_4479,y
16,divispŕ̥ś-,Nominalstamm,,lemma_divispfS_4245,y
16,duréva-,Nominalstamm,,lemma_dureva_4305,y
16,díś-,Nominalstamm,,lemma_diS_4251,y
16,dūtyà-,Nominalstamm,,lemma_dUtya_4387,y
16,ghorá-,Nominalstamm,,lemma_Gora_3174,y
16,gnā́-,Nominalstamm,,lemma_gnA_3093,y
16,haṃsá-,Nominalstamm,,lemma_haMsa_10534,y
16,hŕ̥daya-,Nominalstamm,,lemma_hfdaya_10727,y
16,idā́,Invariabile,,lemma_idA_1698,y
16,jóṣa-,Nominalstamm,,lemma_joza_3565,y
16,kártva-,Nominalstamm,,lemma_kfRvat_2647,y
16,kárṇa-,Nominalstamm,,lemma_karRa_2453,y
16,kṣéma-,Nominalstamm,,lemma_kzema_2826,y
16,madirá-,Nominalstamm,,lemma_madira_6540,y
16,mahás-,Nominalstamm,,lemma_mahA_6716,y
16,mr̥tyú-,Nominalstamm,,lemma_mftyu_6925,y
16,mā́hina-,Nominalstamm,,lemma_mAhina_6814,y
16,nidhí-,Nominalstamm,,lemma_niDi_4979,y
16,paví-,Nominalstamm,,lemma_pavi_5368,y
16,prasavá-,Nominalstamm,,lemma_prasava_6011,y
16,práṇīti-,Nominalstamm,,lemma_praRIti_5859,y
16,préṣṭha-,Nominalstamm,,lemma_prezWa_6101,y
16,ráva-,Nominalstamm,,lemma_rava_7338,y
16,rātáhavya-,Nominalstamm,,lemma_rAtahavya_7373,y
16,r̥bhukṣán-,Nominalstamm,,lemma_fBukzA_2242,y
16,r̥tvíya-,Nominalstamm,,lemma_ftviya_2228,y
16,r̥ṣṭí-,Nominalstamm,,lemma_fzwi_2265,y
16,sukṣití-,Nominalstamm,,lemma_sukziti_9719,y
16,sénā-,Nominalstamm,,lemma_senA_10148,y
16,sāsahí-,Nominalstamm,,lemma_sAsahi_9662,y
16,tuvijātá-,Nominalstamm,,lemma_tuvijAta_3826,y
16,viśvā́hā,Invariabile,,lemma_viSvAhA_8231,y
16,várīyaṃs-,Nominalstamm,,lemma_varIyas_7719,y
16,vástra-,Nominalstamm,,lemma_vastra_7823,y
16,vāśrá-,Nominalstamm,,lemma_vASra_7939,y
16,ábhaya-,Nominalstamm,,lemma_aBaya_762,y
16,ámati-,Nominalstamm,,lemma_amati_857,y
16,áruṣī-,Nominalstamm,,lemma_aruza_1023,y
16,éta-,Nominalstamm,,lemma_eta_2293,y
16,ā́pya-,Nominalstamm,,lemma_Apya_1544,y
16,śácīpáti-,Nominalstamm,,lemma_SacIpati_8585,y
16,√dhā- 2,Wurzel,,lemma_DA_4665,y
16,√ej-,Wurzel,,lemma_ej_2290,y
16,√ghas-,Wurzel,,lemma_Gas_3138,y
16,√mā- 2 ~ mī-,Wurzel,,lemma_mA_6756,y
16,√ribh-,Wurzel,,lemma_riB_7411,y
16,√skambhⁱ-,Wurzel,,lemma_skaB_10204,y
16,√spr̥ś-,Wurzel,,lemma_spfS_10306,y
15,abhídyu-,Nominalstamm,,lemma_aBidyu_775,y
15,abhíśasti-,Nominalstamm,,lemma_aBiSasti_804,y
15,agháśaṃsa-,Nominalstamm,,lemma_aGaSaMsa_115,y
15,budhnyà-,Nominalstamm,,lemma_buDnya_6219,y
15,dadí-,Nominalstamm,,lemma_dadi_4068,y
15,daṃsánā-,Nominalstamm,,lemma_daMsanA_4033,y
15,dhr̥ṣṇuyā́,Invariabile,,lemma_DfzRu_4748,y
15,dhénā-,Nominalstamm,,lemma_DenA_4751,y
15,dhíṣṇya-,Nominalstamm,,lemma_DizRya_4708,y
15,divāvasu-,Nominalstamm,,lemma_divAvasu_4236,y
15,dyumnín-,Nominalstamm,,lemma_dyumnin_4529,y
15,dā́na-,Nominalstamm,,lemma_dAna_4177,y
15,dūraká-,Nominalstamm,,lemma_dUraka_4392,y
15,hótrā- 1,Nominalstamm,,lemma_hotrA_10755,y
15,jyók,Invariabile,,lemma_jyok_3592,y
15,jénya-,Nominalstamm,,lemma_jenya_3558,y
15,kévala-,Nominalstamm,,lemma_kevala_2714,y
15,kṣáp-,Nominalstamm,,lemma_kzap_2780,y
15,makhá-,Nominalstamm,,lemma_maKa_6494,y
15,medhā́-,Nominalstamm,,lemma_meDA_6952,y
15,mithás,Invariabile,,lemma_miTas_6843,y
15,mitrámahas-,Nominalstamm,,lemma_mitramahas_6829,y
15,nábhas-,Nominalstamm,,lemma_naBas_4833,y
15,prásiti-,Nominalstamm,,lemma_prasiti_6015,y
15,púmaṃs-,Nominalstamm,,lemma_puMs_5529,y
15,rudríya-,Nominalstamm,,lemma_rudriya_7441,y
15,ríṣ-,Nominalstamm,,lemma_riz_7417,y
15,sabā́dhas-,Nominalstamm,,lemma_sabADas_9352,y
15,sadhamā́da-,Nominalstamm,,lemma_saDamAda_9240,y
15,sajū́s,Invariabile,,lemma_sajUs_9154,y
15,samanā́,Invariabile,,lemma_samanA_9369,y
15,saṃjít-,Nominalstamm,,lemma_saMjit_9161,y
15,siṃhá-,Nominalstamm,,lemma_siMha_9669,y
15,sotár-,Nominalstamm,,lemma_sotf_10156,y
15,sutā́vant-,Nominalstamm,,lemma_sutAvat_9770,y
15,suyúj-,Nominalstamm,,lemma_suyuj_9935,y
15,svávas-,Nominalstamm,,lemma_svavas_10468,y
15,sámana-,Nominalstamm,,lemma_samana_9366,y
15,sámanas-,Nominalstamm,,lemma_samanas_9368,y
15,súṣṭuta-,Nominalstamm,,lemma_suzwuta_10035,y
15,sānasí-,Nominalstamm,,lemma_sAnasi_9631,y
15,táthā,Invariabile,,lemma_taTA_3626,y
15,vartaní-,Nominalstamm,,lemma_vartani_7739,y
15,viṣá-,Nominalstamm,,lemma_viza_8236,y
15,vásumant-,Nominalstamm,,lemma_vasumat_7810,y
15,vásupati-,Nominalstamm,,lemma_vasupati_7808,y
15,yádu-,Nominalstamm,,lemma_yadu_7049,y
15,yáviṣṭhya-,Nominalstamm,,lemma_yavizWya_7075,y
15,ádhrigu-,Nominalstamm,,lemma_aDrigu_380,y
15,ámavant-,Nominalstamm,,lemma_amavat_871,y
15,áprayuchant-,Nominalstamm,,lemma_aprayuCat_721,y
15,íḍ-,Nominalstamm,,lemma_iq_1681,y
15,ārā́t,Invariabile,,lemma_Ara_1584,y
15,āśír-,Nominalstamm,,lemma_ASir_1629,y
15,ā́ghr̥ṇi-,Nominalstamm,,lemma_AGfRi_1464,y
15,śaraṇá-,Nominalstamm,,lemma_SaraRa_8681,y
15,śaśvattamá-,Nominalstamm,,lemma_SaSvat_8720,y
15,śáṃsya-,Nominalstamm,,lemma_SaMs_8557,y
15,√bhas-,Wurzel,,lemma_Bas_6339,y
15,√das-,Wurzel,,lemma_das_4150,y
15,√gavy-,Wurzel,,lemma_gavy_2937,y
15,√hr̥̄-,Wurzel,,lemma_har_10550,y
15,√manthⁱ-,Wurzel,,lemma_maT_6527,y
15,√piṣ-,Wurzel,,lemma_piz_5511,y
15,√pr̥tany-,Wurzel,,lemma_pftany_5751,y
15,√sap-,Wurzel,,lemma_sap_9305,y
15,√spr̥dh-,Wurzel,,lemma_spfD_10304,y
15,√vip-,Wurzel,,lemma_vip_8043,y
15,√vyac-,Wurzel,,lemma_vyac_8507,y
14,agnī́-ṣóma-,Nominalstamm,,lemma_agnIzoma_100,y
14,ajirá-,Nominalstamm,,lemma_ajira_187,y
14,asaścát-,Nominalstamm,,lemma_asaScat_1327,y
14,aśáni-,Nominalstamm,,lemma_aSani_1215,y
14,barháṇā-,Nominalstamm,,lemma_barhaRA_6157,y
14,bhū́rṇi-,Nominalstamm,,lemma_BUrRi_6432,y
14,devayā́na-,Nominalstamm,,lemma_devayAna_4457,y
14,dvibárhas-,Nominalstamm,,lemma_dvibarhas_4613,y
14,dákṣiṇāvant-,Nominalstamm,,lemma_dakziRAvat_4053,y
14,ghŕ̥ṣvi-,Nominalstamm,,lemma_Gfzvi_3172,y
14,gotrá-,Nominalstamm,,lemma_gotra_3045,y
14,kakṣī́vant-,Nominalstamm,,lemma_kakzIvat_2381,y
14,kŕ̥tvya-,Nominalstamm,,lemma_kftvya_2666,y
14,kṣódas-,Nominalstamm,,lemma_kzodas_2836,y
14,mr̥ḷīká-,Nominalstamm,,lemma_mfqIka_6923,y
14,mā́dhyaṃdina-,Nominalstamm,,lemma_maDyaMdina_6577,y
14,mā́kis,Invariabile,,lemma_mAkis_6765,y
14,mā́s- 1,Nominalstamm,,lemma_mAs_6810,y
14,návagva-,Nominalstamm,,lemma_navagva_4867,y
14,pajrá-,Nominalstamm,,lemma_pajra_5168,y
14,pravā́cya-,Nominalstamm,,lemma_pravAcana_5983,y
14,pŕ̥thak,Invariabile,,lemma_pfTak_5756,y
14,róhita-,Nominalstamm,,lemma_rohita_7511,y
14,rā́trī-,Nominalstamm,,lemma_rAtrI_7378,y
14,ŕ̥dhak,Invariabile,,lemma_fDak_2237,y
14,sahasrasā́-,Nominalstamm,,lemma_sahasrasA_9576,y
14,saṃyát-,Nominalstamm,,lemma_saMyat_9065,y
14,somapéya-,Nominalstamm,,lemma_somapeya_10175,y
14,spáś-,Nominalstamm,,lemma_spaS_10297,y
14,srúc-,Nominalstamm,,lemma_sruc_10359,y
14,sumr̥ḷīká-,Nominalstamm,,lemma_sumfqIka_9913,y
14,surā́dhas-,Nominalstamm,,lemma_surADas_9945,y
14,suvŕ̥t-,Nominalstamm,,lemma_suvft_9979,y
14,suyáma-,Nominalstamm,,lemma_suyama_9930,y
14,svaná-,Nominalstamm,,lemma_svana_10395,y
14,svádhiti-,Nominalstamm,,lemma_svaDiti_10389,y
14,svápas-,Nominalstamm,,lemma_svapas_10404,y
14,svāyudhá-,Nominalstamm,,lemma_svAyuDa_10510,y
14,tárutra-,Nominalstamm,,lemma_tarutra_3700,y
14,uṣarbúdh-,Nominalstamm,,lemma_uzarbuD_2080,y
14,vavrí-,Nominalstamm,,lemma_vavri_7771,y
14,vipanyú-,Nominalstamm,,lemma_vipanyu_8049,y
14,viśváhā,Invariabile,,lemma_viSvaha_8217,y
14,vr̥tratū́rya-,Nominalstamm,,lemma_vftratUrya_8368,y
14,várman-,Nominalstamm,,lemma_varman_7753,y
14,vídharman-,Nominalstamm,,lemma_viDarman_8032,y
14,vā́javant-,Nominalstamm,,lemma_vAjavat_7870,y
14,yóṣaṇā-,Nominalstamm,,lemma_yozaRA_7196,y
14,áma-,Nominalstamm,,lemma_ama_855,y
14,ántama-,Nominalstamm,,lemma_antama_571,y
14,ápya-,Nominalstamm,,lemma_apya_702,y
14,árāvan-,Nominalstamm,,lemma_arAvan_992,y
14,índrāsóma-,Nominalstamm,,lemma_indrAsoma_1745,y
14,úpastuti-,Nominalstamm,,lemma_upastuti_1986,y
14,ā́huti-,Nominalstamm,,lemma_Ahuti_1671,y
14,śatín-,Nominalstamm,,lemma_Satin_8636,y
14,ū́ma-,Nominalstamm,,lemma_Uma_2100,y
14,√kāś-,Wurzel,,lemma_kAS_2542,y
14,√sr̥- 2,Wurzel,,lemma_sf_10129,y
13,abhipitvá-,Nominalstamm,,lemma_aBipitva_780,y
13,abhímāti-,Nominalstamm,,lemma_aBimAti_790,y
13,apratí-,Nominalstamm,,lemma_aprati_710,y
13,apīcyà-,Nominalstamm,,lemma_apIcya_679,y
13,aryá-,Nominalstamm,,lemma_arya_1072,y
13,asmā́ka-,Nominalstamm,,lemma_asmAka_1385,y
13,atithigvá-,Nominalstamm,,lemma_atiTigva_230,y
13,brahmadvíṣ-,Nominalstamm,,lemma_brahmadviz_6267,y
13,carátha-,Nominalstamm,,lemma_caraTa_3250,y
13,cárman-,Nominalstamm,,lemma_carman_3261,y
13,dróṇa-,Nominalstamm,,lemma_droRa_4579,y
13,díviṣṭi-,Nominalstamm,,lemma_divizwi_4244,y
13,gavyú-,Nominalstamm,,lemma_gavyu_2943,y
13,ghr̥taścút-,Nominalstamm,,lemma_GftaScut_3160,y
13,gántar-,Nominalstamm,,lemma_gam_2902,y
13,híraṇyavant-,Nominalstamm,,lemma_hiraRyavat_10690,y
13,jyā́yaṃs-,Nominalstamm,,lemma_jyAyas_3584,y
13,kumārá-,Nominalstamm,,lemma_kumAra_2603,y
13,kéta-,Nominalstamm,,lemma_keta_2705,y
13,kútas,Invariabile,,lemma_kutas_2590,y
13,kṣoṇí- ~ kṣoṇī́-,Nominalstamm,,lemma_kzoRI_2835,y
13,kṣumánt-,Nominalstamm,,lemma_kzumat_2817,y
13,kṣíp-,Nominalstamm,,lemma_kzip_2801,y
13,madhuścút-,Nominalstamm,,lemma_maDuScut_6571,y
13,mahitvaná-,Nominalstamm,,lemma_mahitvana_6739,y
13,maṃhánā-,Nominalstamm,,lemma_maMhanA_6480,y
13,mádya-,Nominalstamm,,lemma_madya_6545,y
13,nā́nā,Invariabile,,lemma_nAnA_4910,y
13,nā́rī-,Nominalstamm,,lemma_nAri_4927,y
13,patatrín-,Nominalstamm,,lemma_patatrin_5192,y
13,pratimā́na-,Nominalstamm,,lemma_pratimAna_5881,y
13,puruvā́ra-,Nominalstamm,,lemma_puruvAra_5622,y
13,purāṇá-,Nominalstamm,,lemma_purARa_5562,y
13,rúc-,Nominalstamm,,lemma_ruc_7433,y
13,r̥jrá-,Nominalstamm,,lemma_fjra_2172,y
13,r̥jú-,Nominalstamm,,lemma_fju_2161,y
13,sacābhū́-,Nominalstamm,,lemma_sacABU_9144,y
13,sahasāvan-,Nominalstamm,,lemma_sahasAvan_9528,y
13,samaryá-,Nominalstamm,,lemma_samarya_9378,y
13,sanutár,Invariabile,,lemma_sanutar_9286,y
13,saumanasá-,Nominalstamm,,lemma_sOmanasa_10197,y
13,smát,Invariabile,,lemma_smad_10320,y
13,stotrá-,Nominalstamm,,lemma_stotra_10255,y
13,sudītí-,Nominalstamm,,lemma_sudIti_9796,y
13,suhásta-,Nominalstamm,,lemma_suhasta_10071,y
13,sukṣatrá-,Nominalstamm,,lemma_sukzatra_9717,y
13,supátha-,Nominalstamm,1,lemma_supaTa_9830,y
13,supátha-,Nominalstamm,2,lemma_supaT_9829,y
13,svardŕ̥ś-,Nominalstamm,,lemma_svardfS_10458,y
13,svàrṇara-,Nominalstamm,,lemma_svarRara_10455,y
13,svásara-,Nominalstamm,,lemma_svasara_10480,y
13,sánīḷa-,Nominalstamm,,lemma_sanIqa_9285,y
13,sárvavīra-,Nominalstamm,,lemma_sarvavIra_9469,y
13,trasádasyu-,Nominalstamm,,lemma_trasadasyu_3918,y
13,túviṣmant-,Nominalstamm,,lemma_tuvizmat_3843,y
13,vakṣáṇā-,Nominalstamm,1,lemma_vakzaRA_7554,y
13,vakṣáṇā-,Nominalstamm,2,lemma_vakzaRA_7555,y
13,vasuvíd-,Nominalstamm,,lemma_vasuvid_7815,y
13,virapśín-,Nominalstamm,,lemma_virapSin_8113,y
13,viśvavíd-,Nominalstamm,,lemma_viSvavid_8205,y
13,várcas-,Nominalstamm,,lemma_varcas_7736,y
13,yatásruc-,Nominalstamm,,lemma_yatasruc_7034,y
13,yájvan-,Nominalstamm,,lemma_yajvan_7026,y
13,ádhara-,Nominalstamm,,lemma_aDara_346,y
13,ánas-,Nominalstamm,,lemma_anas_445,y
13,ápratīta-,Nominalstamm,,,y
13,áraṇa-,Nominalstamm,,lemma_araRa_964,y
13,áṣāḷha-,Nominalstamm,,lemma_azAQa_1294,y
13,índrāvíṣṇu-,Nominalstamm,,lemma_indrAvizRu_1744,y
13,āṅgūṣá-,Nominalstamm,,lemma_ANgUza_1467,y
13,śiprín-,Nominalstamm,,lemma_Siprin_8780,y
13,śravā́yya-,Nominalstamm,,lemma_SravAyya_8973,y
13,śŕ̥ṅga-,Nominalstamm,,lemma_SfNga_8899,y
13,ṣáṣ-,Nominalstamm,,lemma_zaz_9059,y
13,√dagh-,Wurzel,,lemma_daG_4061,y
13,√dī- 2,Wurzel,,lemma_dI_4254,y
13,√gāh-,Wurzel,1,lemma_gAh_2971,y
13,√gāh-,Wurzel,2,lemma_gah_2945,y
13,√hr̥- 1,Wurzel,,lemma_hf_10720,y
13,√iṣaṇ-,Wurzel,,lemma_izaRy_1782,y
13,√mr̥̄- 1,Wurzel,,lemma_mur_6881,y
13,√mr̥dh-,Wurzel,,lemma_mfD_6929,y
13,√pruṣⁱ-,Wurzel,,lemma_pruz_6089,y
13,√spr̥-,Wurzel,,lemma_spf_10303,y
13,√śravasy-,Wurzel,,lemma_Sravasy_8969,y
12,anamīvá-,Nominalstamm,,lemma_anamIva_420,y
12,arvācīná-,Nominalstamm,,lemma_arvAcIna_1086,y
12,arvāvát-,Nominalstamm,,lemma_arvAvat_1087,y
12,avratá-,Nominalstamm,,lemma_avrata_1209,y
12,bhiṣáj-,Nominalstamm,,lemma_Bizaj_6375,y
12,bhā́ratī-,Nominalstamm,,lemma_BAratI_6356,y
12,brāhmaṇá-,Nominalstamm,,lemma_brAhmaRa_6277,y
12,citrábhānu-,Nominalstamm,,lemma_citraBAnu_3300,y
12,cánas-,Nominalstamm,,lemma_canas_3223,y
12,dadhikrā́-,Nominalstamm,,lemma_daDikrA_4074,y
12,devátā,Invariabile,,lemma_devatA_4436,y
12,devāvī́-,Nominalstamm,,lemma_devAvI_4485,y
12,dharṇasí-,Nominalstamm,,lemma_DarRasi_4654,y
12,dámpati-,Nominalstamm,,lemma_dampati_4098,y
12,dātrá-,Nominalstamm,,lemma_datra_4064,y
12,dā́ru-,Nominalstamm,,lemma_dAru_4199,y
12,etā́vant-,Nominalstamm,,lemma_etAvat_2300,y
12,gaurá-,Nominalstamm,,lemma_gOra_3091,y
12,gávyūti-,Nominalstamm,,lemma_gavyUti_2944,y
12,jīvā́tu-,Nominalstamm,,lemma_jIvAtu_3536,y
12,kíla,Invariabile,,lemma_kila_2561,y
12,nárāśáṃsa-,Nominalstamm,,lemma_narASaMsa_4862,y
12,nédiṣṭha-,Nominalstamm,,lemma_nedizWa_5129,y
12,paribhū́-,Nominalstamm,,lemma_pariBU_5303,y
12,paridhí-,Nominalstamm,,lemma_pariDi_5295,y
12,praṇetár-,Nominalstamm,,lemma_praRetf_5860,y
12,práyajyu-,Nominalstamm,,lemma_prayajyu_5952,y
12,purutáma-,Nominalstamm,,lemma_purutama_5579,y
12,puruścandrá-,Nominalstamm,,lemma_puruScandra_5628,y
12,pítrya-,Nominalstamm,,lemma_pitrya_5488,y
12,pāpá-,Nominalstamm,,lemma_pApa_5435,y
12,pīyū́ṣa-,Nominalstamm,,lemma_pIyUza_5522,y
12,rakṣohán-,Nominalstamm,,lemma_rakzohan_7218,y
12,raśanā́-,Nominalstamm,,lemma_raSanA_7342,y
12,rékṇas-,Nominalstamm,,lemma_rekRas_7471,y
12,r̥tajñā́-,Nominalstamm,,lemma_ftajYA_2190,y
12,sadhamád-,Nominalstamm,,lemma_saDamAd_9239,y
12,saudhanvaná-,Nominalstamm,,lemma_sODanvana_10193,y
12,stená-,Nominalstamm,,lemma_stena_10250,y
12,subhū́-,Nominalstamm,,lemma_suBU_9886,y
12,sudáṃsas-,Nominalstamm,,lemma_sudaMsas_9783,y
12,sudína-,Nominalstamm,,lemma_sudina_9793,y
12,suméka-,Nominalstamm,,lemma_sumeka_9914,y
12,supráṇīti-,Nominalstamm,,lemma_supraRIti_9854,y
12,surabhí-,Nominalstamm,,lemma_suraBi_9939,y
12,svátavas-,Nominalstamm,,lemma_svatavas_10380,y
12,sáras-,Nominalstamm,,lemma_saras_9443,y
12,súṣuta-,Nominalstamm,,lemma_suzuta_10023,y
12,tanyatú-,Nominalstamm,,lemma_tanyatu_3659,y
12,triṃśát-,Nominalstamm,,lemma_triMSat_3927,y
12,tuvī́magha-,Nominalstamm,1,lemma_tuvImaGa_3848,y
12,tuvī́magha-,Nominalstamm,2,lemma_tuvimaGa_3833,y
12,uccā́,Invariabile,,lemma_uccA_1873,y
12,uruvyáñc-,Nominalstamm,,lemma_uruvyac_2042,y
12,vibhā́vasu-,Nominalstamm,,lemma_viBAvasu_8076,y
12,vidúṣṭara-,Nominalstamm,,lemma_vid_7999,y
12,vā́sas-,Nominalstamm,,lemma_vAsas_7942,y
12,vīrúdh-,Nominalstamm,,lemma_vIruD_8331,y
12,yákṣma-,Nominalstamm,,lemma_yakzma_6992,y
12,ádhr̥ṣṭa-,Nominalstamm,,lemma_aDfzwa_375,y
12,áhraya-,Nominalstamm,,lemma_ahraya_1439,y
12,ájāmi-,Nominalstamm,,lemma_ajAmi_184,y
12,ákṣa-,Nominalstamm,,lemma_akza_44,y
12,ákṣi ~ akṣán-,Nominalstamm,,lemma_akzi_51,y
12,ákṣi ~ akṣán-,Nominalstamm,,lemma_akzan_47,y
12,ámr̥kta-,Nominalstamm,,lemma_amfkta_905,y
12,ástr̥ta-,Nominalstamm,,lemma_astfta_1366,y
12,átharvan-,Nominalstamm,,lemma_aTarvan_265,y
12,áṅgirastama-,Nominalstamm,,lemma_aNgirastama_138,y
12,úditi-,Nominalstamm,,lemma_uditi_1919,y
12,āsyà-,Nominalstamm,,lemma_Asya_1666,y
12,śakuná-,Nominalstamm,,lemma_Sakuna_8566,y
12,śayú-,Nominalstamm,,lemma_Sayu_8676,y
12,śrútya-,Nominalstamm,,lemma_Srutya_8998,y
12,śván-,Nominalstamm,,lemma_Svan_9025,y
12,śū́rasāti-,Nominalstamm,,lemma_SUrasAti_8894,y
12,ṣaṣṭí-,Nominalstamm,,lemma_zazwi_9060,y
12,√bhur-,Wurzel,,lemma_Bur_6393,y
12,√br̥h-,Wurzel,,lemma_bfh_6227,y
12,√gr̥̄- 2,Wurzel,,lemma_gir_2974,y
12,√kr̥̄- 2,Wurzel,,lemma_kir_2558,y
12,√kr̥p-,Wurzel,,lemma_krap_2741,y
12,√kr̥ṣ-,Wurzel,,lemma_karz_2471,y
12,√mi- 1,Wurzel,,lemma_mi_6817,y
12,√nad-,Wurzel,,lemma_nad_4813,y
12,√r̥tāy-,Wurzel,,lemma_ftay_2200,y
12,√svaj-,Wurzel,,lemma_svaj_10375,y
11,abhíbhūti-,Nominalstamm,,lemma_aBiBUti_787,y
11,arámati-,Nominalstamm,,lemma_aramati_976,y
11,avás,Invariabile,,lemma_avas_1134,y
11,cétana-,Nominalstamm,,lemma_cetana_3322,y
11,dabhrá-,Nominalstamm,,lemma_daBra_4088,y
11,dhiyā́vasu-,Nominalstamm,,lemma_DiyAvasu_4704,y
11,dhānā́-,Nominalstamm,,lemma_DAnA_4672,y
11,dhūmá-,Nominalstamm,,lemma_DUma_4730,y
11,dhū́ti-,Nominalstamm,,lemma_DUti_4728,y
11,didyú-,Nominalstamm,,lemma_didyu_4221,y
11,didyút-,Nominalstamm,,lemma_didyut_4222,y
11,duchúnā-,Nominalstamm,,lemma_duCunA_4287,y
11,dáṃsas-,Nominalstamm,,lemma_daMsas_4035,y
11,dāmán-,Nominalstamm,,lemma_dAman_4193,y
11,dūḷhī́-,Nominalstamm,,lemma_dUQI_4381,y
11,harmyá-,Nominalstamm,,lemma_harmya_10582,y
11,hávana-,Nominalstamm,,lemma_havana_10594,y
11,hótrā- 2,Nominalstamm,,lemma_hotrA_10755,y
11,jétar-,Nominalstamm,1,lemma_jetf_3556,y
11,jétar-,Nominalstamm,2,lemma_ji_3500,y
11,kakuhá-,Nominalstamm,,lemma_kakuha_2379,y
11,kā́ṣṭhā-,Nominalstamm,,lemma_kAzWA_2545,y
11,kīrí-,Nominalstamm,,lemma_kIri_2573,y
11,mayobhú-,Nominalstamm,,lemma_mayoBu_6673,y
11,medhásāti-,Nominalstamm,,lemma_meDasAti_6951,y
11,míh-,Nominalstamm,,lemma_mih_6860,y
11,nemí-,Nominalstamm,,lemma_nemi_5136,y
11,nimná-,Nominalstamm,,lemma_nimna_4996,y
11,paraśú-,Nominalstamm,,lemma_paraSu_5266,y
11,prapitvá-,Nominalstamm,,lemma_prapitva_5927,y
11,pravaṇá-,Nominalstamm,,lemma_pravaRa_5975,y
11,priyámedha-,Nominalstamm,,lemma_priyameDa_6077,y
11,puraṃdará-,Nominalstamm,,lemma_puraMdara_5552,y
11,purupriyá-,Nominalstamm,,lemma_purupriya_5603,y
11,párvan-,Nominalstamm,,lemma_parvan_5353,y
11,párīṇas-,Nominalstamm,,lemma_parIRas_5324,y
11,pípru-,Nominalstamm,,lemma_pipru_5496,y
11,rabhasá-,Nominalstamm,,lemma_raBasa_7312,y
11,rathirá-,Nominalstamm,,lemma_raTira_7279,y
11,rathī́tama-,Nominalstamm,,lemma_raTI_7281,y
11,ratnadhéya-,Nominalstamm,,lemma_ratnaDeya_7254,y
11,r̥gmíya-,Nominalstamm,,lemma_fgmiya_2143,y
11,r̥tájāta-,Nominalstamm,,lemma_ftajAta_2187,y
11,r̥té,Invariabile,,lemma_fte_2224,y
11,sarámā-,Nominalstamm,,lemma_saramA_9440,y
11,strī́-,Nominalstamm,,lemma_strI_10263,y
11,sukhá-,Nominalstamm,,lemma_suKa_9722,y
11,suprátīka-,Nominalstamm,,lemma_supratIka_9856,y
11,surátha-,Nominalstamm,,lemma_suraTa_9938,y
11,svarṣā́-,Nominalstamm,,lemma_svarzA_10466,y
11,sváśvya-,Nominalstamm,,lemma_svaSvya_10478,y
11,svā́diṣṭha-,Nominalstamm,,lemma_svAdizWa_10494,y
11,sáhuri-,Nominalstamm,,lemma_sahuri_9594,y
11,sána-,Nominalstamm,,lemma_sana_9252,y
11,sā́dana-,Nominalstamm,,lemma_sAdana_9617,y
11,sā́dhana-,Nominalstamm,,lemma_sADana_9623,y
11,tredhā́,Invariabile,,lemma_treDa_3970,y
11,trivŕ̥t-,Nominalstamm,,lemma_trivft_3959,y
11,trivárūtha-,Nominalstamm,,lemma_trivarUTa_3955,y
11,tr̥ṣú-,Nominalstamm,,lemma_tfzu_3885,y
11,turī́ya-,Nominalstamm,,lemma_turIya_3808,y
11,ucátha-,Nominalstamm,,lemma_ucaTa_1871,y
11,upári,Invariabile,,lemma_upari_1960,y
11,upāká-,Nominalstamm,,lemma_upAka_1998,y
11,vadhū́-,Nominalstamm,,lemma_vaDU_7606,y
11,vahatú-,Nominalstamm,,lemma_vahatu_7835,y
11,vasatí-,Nominalstamm,,lemma_vasati_7788,y
11,vasavyà-,Nominalstamm,,lemma_vasavya_7793,y
11,vimadá-,Nominalstamm,,lemma_vimada_8097,y
11,viśvaminvá-,Nominalstamm,,lemma_viSvaminva_8199,y
11,viśvádhāyas-,Nominalstamm,,lemma_viSvaDAyas_8183,y
11,vádhar-,Nominalstamm,,lemma_vaDar_7602,y
11,vándya-,Nominalstamm,,lemma_vand_7646,y
11,váṃsaga-,Nominalstamm,,lemma_vaMsaga_7542,y
11,víhāyas-,Nominalstamm,,lemma_vihAyas_8285,y
11,vā́r- 1,Nominalstamm,,lemma_vAr_7921,y
11,yájyu-,Nominalstamm,,lemma_yajyu_7025,y
11,yā́vant-,Nominalstamm,,lemma_yAvat_7118,y
11,ághnya-,Nominalstamm,,lemma_aGnya_123,y
11,ámr̥dhra-,Nominalstamm,,lemma_amfDra_910,y
11,ánapacyuta-,Nominalstamm,,lemma_anapacyuta_404,y
11,árbha-,Nominalstamm,,lemma_arBa_1068,y
11,ásāmi-,Nominalstamm,,lemma_asAmi_1332,y
11,áṃśa-,Nominalstamm,,lemma_aMSa_4,y
11,áṅga-,Nominalstamm,,lemma_aNga_133,y
11,íṣu-,Nominalstamm,,lemma_izu_1793,y
11,āmá-,Nominalstamm,,lemma_Ama_1556,y
11,ī,Invariabile,,lemma_Im_1829,y
11,śyāvá-,Nominalstamm,,lemma_SyAva_8939,y
11,śímīvant-,Nominalstamm,,lemma_SimIvat_8784,y
11,√dviṣ-,Wurzel,,lemma_dviz_4617,y
11,√irajy-,Wurzel,,lemma_raj_7232,y
11,√nah-,Wurzel,,lemma_nah_4895,y
11,√raṃh-,Wurzel,,lemma_raMh_7204,y
11,√skand-,Wurzel,,lemma_skad_10201,y
11,√tvíṣ-,Wurzel,,lemma_tviz_4008,y
11,√ud-,Wurzel,,lemma_ud_1892,y
11,√śramⁱ-,Wurzel,,lemma_Sram_8960,y
10,abhiśrī́-,Nominalstamm,,lemma_aBiSrI_811,y
10,amā́,Invariabile,,lemma_amA_874,y
10,apád-,Nominalstamm,,lemma_apad_625,y
10,asrídh-,Nominalstamm,,lemma_asriD_1390,y
10,auśijá-,Nominalstamm,,lemma_OSija_2372,y
10,aśvasūnr̥ta-,Nominalstamm,,lemma_aSvasUnfta_1282,y
10,bharatá-,Nominalstamm,,lemma_Barata_6316,y
10,bhayá-,Nominalstamm,,lemma_Baya_6310,y
10,báṭ,Invariabile,,lemma_baq_6136,y
10,carṣaṇīdhŕ̥t-,Nominalstamm,,lemma_carzaRIDft_3265,y
10,cyautná-,Nominalstamm,,lemma_cyOtna_3349,y
10,cyávāna-,Nominalstamm,,lemma_cyavana_3344,y
10,dabhī́ti-,Nominalstamm,,lemma_daBIti_4086,y
10,dadhikrā́van-,Nominalstamm,,lemma_daDikrAvan_4075,y
10,dúrya-,Nominalstamm,,lemma_durya_4337,y
10,ghaná-,Nominalstamm,,lemma_Gana_3127,y
10,ghr̥tásnu-,Nominalstamm,,lemma_Gftasnu_3164,y
10,giriṣṭhā́-,Nominalstamm,,lemma_girizWA_2981,y
10,gávāśir-,Nominalstamm,,lemma_gavASir_2931,y
10,havanaśrút-,Nominalstamm,,lemma_havanaSrut_10595,y
10,háras-,Nominalstamm,,lemma_haras_10552,y
10,hávīman-,Nominalstamm,,lemma_havIman_10610,y
10,jaítra-,Nominalstamm,,lemma_jEtra_3563,y
10,jiṣṇú-,Nominalstamm,,lemma_jizRu_3513,y
10,kavíkratu-,Nominalstamm,,lemma_kavikratu_2490,y
10,khá-,Nominalstamm,,lemma_Ka_2842,y
10,kukṣí-,Nominalstamm,,lemma_kukzi_2583,y
10,kuśiká-,Nominalstamm,,lemma_kuSika_2628,y
10,kṣā́man-,Nominalstamm,,lemma_kzAman_2794,y
10,mahādhaná-,Nominalstamm,,lemma_mahADana_6720,y
10,meṣá-,Nominalstamm,,lemma_meza_6960,y
10,mánurhita-,Nominalstamm,,lemma_manurhita_6610,y
10,múhur,Invariabile,,lemma_muhur_6893,y
10,namasyà-,Nominalstamm,,lemma_namasyA_4848,y
10,niṇyá-,Nominalstamm,,lemma_niRya_4959,y
10,nr̥máṇas-,Nominalstamm,,lemma_nfmaRas_5102,y
10,nr̥tú-,Nominalstamm,,lemma_nftu_5091,y
10,nr̥ṣā́hya-,Nominalstamm,,lemma_nfzAhya_5122,y
10,nákṣatra-,Nominalstamm,,lemma_nakzatra_4804,y
10,néma-,Nominalstamm,,lemma_nema_5132,y
10,padvánt-,Nominalstamm,,lemma_padvat_5234,y
10,pakṣá-,Nominalstamm,,lemma_pakza_5157,y
10,parāká-,Nominalstamm,,lemma_parAka_5274,y
10,pastyā̀-,Nominalstamm,,lemma_pastyA_5402,y
10,praketá-,Nominalstamm,,lemma_praketa_5839,y
10,prācī́na-,Nominalstamm,,lemma_prAcIna_6041,y
10,pŕ̥śnimātar-,Nominalstamm,,lemma_pfSnimAtf_5789,y
10,purubhuj-,Nominalstamm,,lemma_puruBuj_5606,y
10,páritakmya-,Nominalstamm,,lemma_paritakmya_5292,y
10,pāvakáśocis-,Nominalstamm,,lemma_pAvakaSocis_5457,y
10,pā́śa-,Nominalstamm,,lemma_pASa_5463,y
10,rasā́-,Nominalstamm,,lemma_rasA_7347,y
10,rathín-,Nominalstamm,,lemma_raTin_7278,y
10,ratnadhā́-,Nominalstamm,,lemma_ratnaDA_7253,y
10,rāṣṭrá-,Nominalstamm,,lemma_rAzwra_7394,y
10,r̥tāyú-,Nominalstamm,,lemma_ftAyu_2213,y
10,r̥ṇá-,Nominalstamm,,lemma_fRa_2176,y
10,sabardúgha-,Nominalstamm,,lemma_sabarduGa_9348,y
10,sadāsā́-,Nominalstamm,,lemma_sadAsA_9222,y
10,sahasyà-,Nominalstamm,,lemma_sahasya_9532,y
10,sakhitvá-,Nominalstamm,,lemma_saKitva_9113,y
10,sapátnī-,Nominalstamm,,lemma_sapatnI_9308,y
10,savá- 1,Nominalstamm,,lemma_sava_9479,y
10,sthātár-,Nominalstamm,,lemma_sTAtf_10271,y
10,sthā́tar-,Nominalstamm,,lemma_sTAtf_10272,y
10,sukr̥tyā́-,Nominalstamm,,lemma_sukftyA_9711,y
10,sunīthá-,Nominalstamm,,lemma_sunITa_9826,y
10,supārá-,Nominalstamm,,lemma_supAra_9837,y
10,suśastí-,Nominalstamm,,lemma_suSasti_9991,y
10,syoná-,Nominalstamm,,lemma_syona_10341,y
10,sáhaskr̥ta-,Nominalstamm,,lemma_sahaskfta_9530,y
10,sámmiśla-,Nominalstamm,,lemma_sammiSla_9423,y
10,sásni-,Nominalstamm,,lemma_sasni_9498,y
10,sújāta-,Nominalstamm,,lemma_sujAta_9751,y
10,súmakha-,Nominalstamm,,lemma_sumaKa_9889,y
10,trivandhurá-,Nominalstamm,,lemma_trivanDura_3953,y
10,tuvidyumná-,Nominalstamm,,lemma_tuvidyumna_3828,y
10,udaká-,Nominalstamm,,lemma_udaka_1893,y
10,uṣā́sānáktā-,Nominalstamm,,lemma_uzAsAnaktA_2083,y
10,varivovíd-,Nominalstamm,,lemma_varivovid_7715,y
10,vaśín-,Nominalstamm,,lemma_vaSin_7777,y
10,vimócana-,Nominalstamm,,lemma_vimocana_8109,y
10,viśvádarśata-,Nominalstamm,,lemma_viSvadarSata_8174,y
10,viśvádeva-,Nominalstamm,,lemma_viSvadeva_8177,y
10,viśvájanya-,Nominalstamm,,lemma_viSvajanya_8160,y
10,viṃśatí-,Nominalstamm,,lemma_viMSati_7953,y
10,vr̥ṣā́kapi-,Nominalstamm,,lemma_vfzAkapi_8434,y
10,váhiṣṭha-,Nominalstamm,,lemma_vahizWa_7836,y
10,víṣurūpa-,Nominalstamm,,lemma_vizurUpa_8246,y
10,vājasā́tama-,Nominalstamm,,lemma_vAjasA_7874,y
10,yajátha-,Nominalstamm,,lemma_yajaTa_6997,y
10,áchidra-,Nominalstamm,,lemma_aCidra_163,y
10,ájman-,Nominalstamm,,lemma_ajman_203,y
10,ánedya-,Nominalstamm,,lemma_anedya_563,y
10,ápūrvya-,Nominalstamm,,lemma_apUrvya_689,y
10,ásama-,Nominalstamm,,lemma_asama_1320,y
10,ásu-,Nominalstamm,,lemma_asu_1339,y
10,áyajvan-,Nominalstamm,,lemma_ayajvan_926,y
10,āptyá-,Nominalstamm,,lemma_Aptya_1543,y
10,āśás-,Nominalstamm,,lemma_ASas_1624,y
10,īḷénya-,Nominalstamm,,lemma_Iqenya_1826,y
10,śagmá-,Nominalstamm,,lemma_Sagma_8577,y
10,śaktí-,Nominalstamm,,lemma_Sakti_8571,y
10,śravasyà-,Nominalstamm,,lemma_SravasyA_8971,y
10,śurúdh-,Nominalstamm,,lemma_SuruD_8871,y
10,śéva-,Nominalstamm,,lemma_Seva_8907,y
10,√ amⁱ-,Wurzel,,lemma_am_853,y
10,√cat-,Wurzel,,lemma_cat_3199,y
10,√idh- 2,Wurzel,,lemma_eD_2304,y
10,√mathⁱ-,Wurzel,,lemma_maT_6527,y
10,√mr̥ṣ-,Wurzel,,lemma_mfz_6936,y
10,√mud-,Wurzel,,lemma_mud_6873,y
10,√sphr̥̄-,Wurzel,,lemma_sPur_10316,y
10,√sr̥p-,Wurzel,,lemma_sfp_10137,y
10,√tuś-,Wurzel,1,lemma_tuS_3852,y
10,√tuś-,Wurzel,2,lemma_tuS_3853,y
10,√uṣ-,Wurzel,,lemma_uz_2075,y
10,√vrādh-,Wurzel,,lemma_vrAD_8552,y
